[
    {
        "pk": 1, 
        "model": "sites.site", 
        "fields": {
            "domain": "fixmystreet.irisnet.be", 
            "name": "fixmystreet.irisnet.be"
        }
    }, 
    {
        "pk": 2, 
        "model": "sites.site", 
        "fields": {
            "domain": "fixmystreet.irisnetlab.be", 
            "name": "fixmystreet.irisnetlab.be"
        }
    }, 
    {
        "pk": 3, 
        "model": "sites.site", 
        "fields": {
            "domain": "localhost:8000", 
            "name": "localhost"
        }
    }, 

    {
        "pk": 1, 
        "model": "fixmystreet.councillor", 
        "fields": {
            "name": "Jonathan Sanchez", 
            "email": "jsanchezpando@cirb.irisnet.be"
        }
    },
    {
        "pk": 1, 
        "model": "fixmystreet.ward", 
        "fields": {
            "name": "Anderlecht", 
            "councillor": 1,
            "feature_id": "URB_A_MU.7100"
        }
    },
    {
        "pk": 2, 
        "model": "fixmystreet.ward", 
        "fields": {
            "name": "Auderghem", 
            "councillor": 1,
            "feature_id": "URB_A_MU.7200"
        }
    },
    {
        "pk": 3, 
        "model": "fixmystreet.ward", 
        "fields": {
            "name": "Berchem Ste Agathe", 
            "councillor": 1,
            "feature_id": "URB_A_MU.7300"
        }
    },
    {
        "pk": 4, 
        "model": "fixmystreet.ward", 
        "fields": {
            "name": "Bruxelles", 
            "councillor": 1,
            "feature_id": "URB_A_MU.7400"
        }
    }, 
    {
        "pk": 5, 
        "model": "fixmystreet.ward", 
        "fields": {
            "name": "Etterbeek", 
            "councillor": 1,
            "feature_id": "URB_A_MU.7500"
        }
    }, 
    {
        "pk": 6, 
        "model": "fixmystreet.ward", 
        "fields": {
            "name": "Evere", 
            "councillor": 1, 
            "feature_id": "URB_A_MU.7600"
        }
    }, 
    {
        "pk": 7, 
        "model": "fixmystreet.ward", 
        "fields": {
            "name": "Forest", 
            "councillor": 1, 
            "feature_id": "URB_A_MU.7700"
        }
    }, 
    {
        "pk": 8, 
        "model": "fixmystreet.ward", 
        "fields": {
            "name": "Ganshoren", 
            "councillor": 1, 
            "feature_id": "URB_A_MU.7800"
        }
    }, 
    {
        "pk": 9, 
        "model": "fixmystreet.ward", 
        "fields": {
            "name": "Ixelles", 
            "councillor": 1, 
            "feature_id": "URB_A_MU.7900"
        }
    }, 
    {
        "pk": 10, 
        "model": "fixmystreet.ward", 
        "fields": {
            "name": "Jette", 
            "councillor": 1, 
            "feature_id": "URB_A_MU.8000"
        }
    },
    {
        "pk": 11, 
        "model": "fixmystreet.ward", 
        "fields": {
            "name": "Koekelberg", 
            "councillor": 1, 
            "feature_id": "URB_A_MU.8100"
        }
    }, 
    {
        "pk": 12, 
        "model": "fixmystreet.ward", 
        "fields": {
            "name": "Molenbeek St Jean", 
            "councillor": 1, 
            "feature_id": "URB_A_MU.8200"
        }
    }, 
    {
        "pk": 13, 
        "model": "fixmystreet.ward", 
        "fields": {
            "name": "Saint-Gilles", 
            "councillor": 1, 
            "feature_id": "URB_A_MU.8300"
        }
    }, 
    {
        "pk": 14, 
        "model": "fixmystreet.ward", 
        "fields": {
            "name": "Saint-Josse ten Noode", 
            "councillor": 1, 
            "feature_id": "URB_A_MU.8400"
        }
    }, 
    {
        "pk": 15, 
        "model": "fixmystreet.ward", 
        "fields": {
            "name": "Schaerbeek", 
            "councillor": 1, 
            "feature_id": "URB_A_MU.8500"
        }
    },
    {
        "pk": 16, 
        "model": "fixmystreet.ward", 
        "fields": {
            "name": "Uccle", 
            "councillor": 1, 
            "feature_id": "URB_A_MU.8600"
        }
    }, 
    {
        "pk": 17, 
        "model": "fixmystreet.ward", 
        "fields": {
            "name": "Watermael-Boisfort", 
            "councillor": 1, 
            "feature_id": "URB_A_MU.8700"
        }
    }, 
    {
        "pk": 18, 
        "model": "fixmystreet.ward", 
        "fields": {
            "name": "Woluwe St Lambert", 
            "councillor": 1, 
            "feature_id": "URB_A_MU.8800"
        }
    }, 
    {
        "pk": 19, 
        "model": "fixmystreet.ward", 
        "fields": {
            "name": "Woluwe St Pierre", 
            "councillor":1, 
            "feature_id": "URB_A_MU.8900"
        }
    },
    {
        "pk": 1, 
        "model": "fixmystreet.zipcode", 
        "fields": {
            "ward": 1, 
            "name_fr": "Anderlecht", 
            "name_nl": "Anderlecht", 
            "name_en": "Anderlecht", 
            "hide": false,
            "code": 1070
        }
    },
    {
        "pk": 2, 
        "model": "fixmystreet.zipcode", 
        "fields": {
            "ward": 2, 
            "name_fr": "Auderghem", 
            "name_nl": "Oudergem", 
            "name_en": "Auderghem", 
            "hide": false,
            "code": 1160
        }
    },
    {
        "pk": 3, 
        "model": "fixmystreet.zipcode", 
        "fields": {
            "ward": 3, 
            "name_fr": "Berchem Ste Agathe", 
            "name_nl": "Sint-Agatha-Berchem", 
            "name_en": "Berchem Ste Agathe", 
            "hide": false,
            "code": 1082
        }
    },
    {
        "pk": 4, 
        "model": "fixmystreet.zipcode", 
        "fields": {
            "ward": 4,
            "name_fr": "Bruxelles", 
            "name_nl": "Brussel", 
            "name_en": "Brussels", 
            "hide": false,
            "code": 1000
        }
    }, 
    {
        "pk": 5, 
        "model": "fixmystreet.zipcode", 
        "fields": {
            "ward": 5, 
            "name_fr": "Etterbeek", 
            "name_nl": "Etterbeek", 
            "name_en": "Etterbeek", 
            "hide": false,
            "code": 1040
        }
    }, 
    {
        "pk": 6, 
        "model": "fixmystreet.zipcode", 
        "fields": {
            "ward": 6, 
            "name_fr": "Evere", 
            "name_nl": "Evere", 
            "name_en": "Evere", 
            "hide": false,
            "code": 1140
        }
    }, 
    {
        "pk": 7, 
        "model": "fixmystreet.zipcode", 
        "fields": {
            "ward": 7, 
            "name_fr": "Forest", 
            "name_nl": "Vorst", 
            "name_en": "Forest", 
            "hide": false,
            "code": 1190
        }
    }, 
    {
        "pk": 8, 
        "model": "fixmystreet.zipcode", 
        "fields": {
            "ward": 8,
            "name_fr": "Ganshoren", 
            "name_nl": "Ganshoren", 
            "name_en": "Ganshoren", 
            "hide": false,
            "code": 1083
        }
    }, 
    {
        "pk": 9, 
        "model": "fixmystreet.zipcode", 
        "fields": {
            "ward": 9, 
            "name_fr": "Ixelles", 
            "name_nl": "Elsene", 
            "name_en": "Ixelles", 
            "hide": false,
            "code": 1050
        }
    }, 
    {
        "pk": 10, 
        "model": "fixmystreet.zipcode", 
        "fields": {
            "ward": 10, 
            "name_fr": "Jette", 
            "name_nl": "Jette", 
            "name_en": "Jette", 
            "hide": false,
            "code": 1090
        }
    }, 
    {
        "pk": 11, 
        "model": "fixmystreet.zipcode", 
        "fields": {
            "ward": 11, 
            "name_fr": "Koekelberg", 
            "name_nl": "Koekelberg", 
            "name_en": "Koekelberg", 
            "hide": false,
            "code": 1081
        }
    }, 
    {
        "pk": 12, 
        "model": "fixmystreet.zipcode", 
        "fields": {
            "ward": 12, 
            "name_fr": "Molenbeek St Jean", 
            "name_nl": "Sint-Jans-Molenbeek", 
            "name_en": "Molenbeek St Jean", 
            "hide": false,
            "code": 1080
        }
    }, 
    {
        "pk": 13, 
        "model": "fixmystreet.zipcode", 
        "fields": {
            "ward": 13, 
            "name_fr": "Saint-Gilles", 
            "name_nl": "Sint-Gillis", 
            "name_en": "Saint-Gilles", 
            "hide": false,
            "code": 1060
        }
    }, 
    {
        "pk": 14, 
        "model": "fixmystreet.zipcode", 
        "fields": {
            "ward": 14, 
            "name_fr": "Saint-Josse ten Noode", 
            "name_nl": "Sint-Joost-ten-Node", 
            "name_en": "Saint-Josse ten Noode", 
            "hide": false,
            "code": 1210
        }
    }, 
    {
        "pk": 15, 
        "model": "fixmystreet.zipcode", 
        "fields": {
            "ward": 15, 
            "name_fr": "Schaerbeek", 
            "name_nl": "Schaarbeek", 
            "name_en": "Schaerbeek", 
            "hide": false,
            "code": 1030
        }
    }, 
    {
        "pk": 16, 
        "model": "fixmystreet.zipcode", 
        "fields": {
            "ward": 16, 
            "name_fr": "Uccle", 
            "name_nl": "Ukkel", 
            "name_en": "Uccle", 
            "hide": false,
            "code": 1180
        }
    }, 
    {
        "pk": 17, 
        "model": "fixmystreet.zipcode", 
        "fields": {
            "ward": 17, 
            "name_fr": "Watermael-Boisfort", 
            "name_nl": "Watermaal-Bosvoorde", 
            "name_en": "Watermael-Boisfort", 
            "hide": false,
            "code": 1170
        }
    }, 
    {
        "pk": 18, 
        "model": "fixmystreet.zipcode", 
        "fields": {
            "ward": 18, 
            "name_fr": "Woluwe St Lambert", 
            "name_nl": "Sint-Lambrechts-Woluwe", 
            "name_en": "Woluwe St Lambert", 
            "hide": false,
            "code": 1200
        }
    }, 
    {
        "pk": 19, 
        "model": "fixmystreet.zipcode", 
        "fields": {
            "ward": 19,
            "name_fr": "Woluwe St Pierre", 
            "name_nl": "Sint-Pieters-Woluwe", 
            "name_en": "Woluwe St Pierre", 
            "hide": false,
            "code": 1150
        }
    },
    {
        "pk": 20, 
        "model": "fixmystreet.zipcode", 
        "fields": {
            "ward": 4,
            "name_fr": "Laeken", 
            "name_nl": "Laeken", 
            "name_en": "Laeken", 
            "hide": false,
            "code": 1020
        }
    },
    {
        "pk": 21, 
        "model": "fixmystreet.zipcode", 
        "fields": {
            "ward": 4,
            "name_fr": "Neder-over-Heembeek", 
            "name_nl": "Neder-over-Heembeek", 
            "name_en": "Neder-over-Heembeek", 
            "hide": false,
            "code": 1120
        }
    },
    {
        "pk": 22, 
        "model": "fixmystreet.zipcode", 
        "fields": {
            "ward": 4,
            "name_fr": "Haren", 
            "name_nl": "Haren", 
            "name_en": "Haren", 
            "hide": false,
            "code": 1130
        }
    },
    {
        "pk": 23, 
        "model": "fixmystreet.zipcode", 
        "fields": {
            "ward": 4,
            "name_fr": "", 
            "name_nl": "", 
            "name_en": "", 
            "hide": true,
            "code": 1031
        }
    },
    {
        "pk": 24, 
        "model": "fixmystreet.zipcode", 
        "fields": {
            "ward": 4,
            "name_fr": "", 
            "name_nl": "", 
            "name_en": "", 
            "hide": true,
            "code": 1071
        }
    },
    {
        "pk": 25, 
        "model": "fixmystreet.zipcode", 
        "fields": {
            "ward": 4,
            "name_fr": "", 
            "name_nl": "", 
            "name_en": "", 
            "hide": true,
            "code": 1051
        }
    },
    {
        "pk": 26, 
        "model": "fixmystreet.zipcode", 
        "fields": {
            "ward": 4,
            "name_fr": "", 
            "name_nl": "", 
            "name_en": "", 
            "hide": true,
            "code": 1041
        }
    },
    {
        "pk": 1, 
        "model": "fixmystreet.reportmaincategoryclass", 
        "fields": {
            "name_en": "Trottoir (en)", 
            "name_nl": "Trottoir (nl)", 
            "name_fr": "Trottoir"
        }
    }, 
    {
        "pk": 2, 
        "model": "fixmystreet.reportmaincategoryclass", 
        "fields": {
            "name_en": "Chaussee (en)",
            "name_nl": "Chaussee (nl)", 
            "name_fr": "Chaussee"
        }
    }, 
    {
        "pk": 3, 
        "model": "fixmystreet.reportmaincategoryclass", 
        "fields": {
            "name_en": "Piste cyclable (en)", 
            "name_nl": "Piste cyclable (nl)", 
            "name_fr": "Piste cyclable"
        }
    }, 
    {
        "pk": 4, 
        "model": "fixmystreet.reportmaincategoryclass", 
        "fields": {
            "name_en": "Espaces Verts (en)", 
            "name_nl": "Espaces Verts (nl)", 
            "name_fr": "Espaces Verts"
        }
    }, 
    {
        "pk": 5, 
        "model": "fixmystreet.reportmaincategoryclass", 
        "fields": {
            "name_en": "Ponts et Tunnels (en)", 
            "name_nl": "Ponts et Tunnels (nl)", 
            "name_fr": "Ponts et Tunnels"
        }
    },

    {
        "pk": 1,
        "model": "fixmystreet.reportsecondarycategoryclass",
        "fields": {
            "name_en": "Revetements (en)",
            "name_nl": "Revetements (nl)",
            "name_fr": "Revetements"
        }
    },

    {
        "pk": 2,
        "model": "fixmystreet.reportsecondarycategoryclass",
        "fields": {
            "name_en": "Debris/Objets abandonnes (en)",
            "name_nl": "Debris/Objets abandonnes (nl)",
            "name_fr": "Debris/Objets abandonnes"
        }
    },
    
    {
        "pk": 3,
        "model": "fixmystreet.reportsecondarycategoryclass",
        "fields": {
            "name_en": "Recolte des eaux (en)",
            "name_nl": "Recolte des eaux (nl)",
            "name_fr": "Recolte des eaux"
        }
    },
    
    {
        "pk": 4,
        "model": "fixmystreet.reportsecondarycategoryclass",
        "fields": {
            "name_en": "Plantations (en)",
            "name_nl": "Plantations (nl)",
            "name_fr": "Plantations"
        }
    },
    
    {
        "pk": 5,
        "model": "fixmystreet.reportsecondarycategoryclass",
        "fields": {
            "name_en": "Signalisation et feux (en)",
            "name_nl": "Signalisation et feux (nl)",
            "name_fr": "Signalisation et feux"
        }
    },
    
    {
        "pk": 6,
        "model": "fixmystreet.reportsecondarycategoryclass",
        "fields": {
            "name_en": "Eclairage (en)",
            "name_nl": "Eclairage (nl)",
            "name_fr": "Eclairage"
        }
    },
 
     {
        "pk": 7,
        "model": "fixmystreet.reportsecondarycategoryclass",
        "fields": {
            "name_en": "Mobilier urbain/Potelet (en)",
            "name_nl": "Mobilier urbain/Potelet (nl)",
            "name_fr": "Mobilier urbain/Potelet"
        }
    },

    {
        "pk": 8,
        "model": "fixmystreet.reportsecondarycategoryclass",
        "fields": {
            "name_en": "Fontaines (en)",
            "name_nl": "Fontaines (nl)",
            "name_fr": "Fontaines"
        }
    },

    {
        "pk": 1,
        "model": "fixmystreet.reportcategory",
        "fields": {
            "name_en": "Trou (en)",
            "name_fr": "Trou",
            "name_nl": "Trou (nl)",
            "hint_en": "---",
            "hint_fr": "---",
            "hint_nl": "---",
            "category_class": 1,
            "secondary_category_class": 1,
            "public": true
        }
    },

    {
        "pk": 2,
        "model": "fixmystreet.reportcategory",
        "fields": {
            "name_en": "Revetement degrade (en)",
            "name_fr": "Revetement degrade",
            "name_nl": "Revetement degrade (nl)",
            "hint_en": "---",
            "hint_fr": "---",
            "hint_nl": "---",
            "category_class": 1,
            "secondary_category_class": 1,
            "public": true
        }
    },

    {
        "pk": 3,
        "model": "fixmystreet.reportcategory",
        "fields": {
            "name_en": "Affaissement (en)",
            "name_fr": "Affaissement",
            "name_nl": "Affaissement (nl)",
            "hint_en": "---",
            "hint_fr": "---",
            "hint_nl": "---",
            "category_class": 1,
            "secondary_category_class": 1,
            "public": true
        }
    },

    {
        "pk": 4,
        "model": "fixmystreet.reportcategory",
        "fields": {
            "name_en": "Dechets (en)",
            "name_fr": "Dechets",
            "name_nl": "Dechets (nl)",
            "hint_en": "---",
            "hint_fr": "---",
            "hint_nl": "---",
            "category_class": 1,
            "secondary_category_class": 2,
            "public": true
        }
    },

    {
        "pk": 5,
        "model": "fixmystreet.reportcategory",
        "fields": {
            "name_en": "Materiaux (en)",
            "name_fr": "Materiaux",
            "name_nl": "Materiaux (nl)",
            "hint_en": "---",
            "hint_fr": "---",
            "hint_nl": "---",
            "category_class": 1,
            "secondary_category_class": 2,
            "public": true
        }
    },

    {
        "pk": 6,
        "model": "fixmystreet.reportcategory",
        "fields": {
            "name_en": "Signalisation (en)",
            "name_fr": "Signalisation",
            "name_nl": "Signalisation (nl)",
            "hint_en": "---",
            "hint_fr": "---",
            "hint_nl": "---",
            "category_class": 1,
            "secondary_category_class": 2,
            "public": true
        }
    },

    {
        "pk": 7,
        "model": "fixmystreet.reportcategory",
        "fields": {
            "name_en": "Objet (en)",
            "name_fr": "Objet",
            "name_nl": "Objet (nl)",
            "hint_en": "---",
            "hint_fr": "---",
            "hint_nl": "---",
            "category_class": 1,
            "secondary_category_class": 2,
            "public": true
        }
    },

    {
        "pk": 8,
        "model": "fixmystreet.reportcategory",
        "fields": {
            "name_en": "Bouche (en)",
            "name_fr": "Bouche",
            "name_nl": "Bouche (nl)",
            "hint_en": "---",
            "hint_fr": "---",
            "hint_nl": "---",
            "category_class": 1,
            "secondary_category_class": 3,
            "public": true
        }
    },

    {
        "pk": 9,
        "model": "fixmystreet.reportcategory",
        "fields": {
            "name_en": "Casse (en)",
            "name_fr": "Casse",
            "name_nl": "Casse (nl)",
            "hint_en": "---",
            "hint_fr": "---",
            "hint_nl": "---",
            "category_class": 1,
            "secondary_category_class": 3,
            "public": true
        }
    },

    {
        "pk": 10,
        "model": "fixmystreet.reportcategory",
        "fields": {
            "name_en": "Branche cassee (en)",
            "name_fr": "Branche cassee",
            "name_nl": "Branche cassee (nl)",
            "hint_en": "---",
            "hint_fr": "---",
            "hint_nl": "---",
            "category_class": 1,
            "secondary_category_class": 4,
            "public": true
        }
    },

    {
        "pk": 11,
        "model": "fixmystreet.reportcategory",
        "fields": {
            "name_en": "Arbre dangereux (en)",
            "name_fr": "Arbre dangereux",
            "name_nl": "Arbre dangereux (nl)",
            "hint_en": "---",
            "hint_fr": "---",
            "hint_nl": "---",
            "category_class": 1,
            "secondary_category_class": 4,
            "public": true
        }
    },

    {
        "pk": 12,
        "model": "fixmystreet.reportcategory",
        "fields": {
            "name_en": "Vegetation genante (en)",
            "name_fr": "Vegetation genante",
            "name_nl": "Vegetation genante (nl)",
            "hint_en": "---",
            "hint_fr": "---",
            "hint_nl": "---",
            "category_class": 1,
            "secondary_category_class": 4,
            "public": true
        }
    },

    {
        "pk": 13,
        "model": "fixmystreet.reportcategory",
        "fields": {
            "name_en": "Panneau abime (en)",
            "name_fr": "Panneau abime",
            "name_nl": "Panneau abime (nl)",
            "hint_en": "---",
            "hint_fr": "---",
            "hint_nl": "---",
            "category_class": 1,
            "secondary_category_class": 5,
            "public": true
        }
    },

    {
        "pk": 14,
        "model": "fixmystreet.reportcategory",
        "fields": {
            "name_en": "Panneau illisible (en)",
            "name_fr": "Panneau illisible",
            "name_nl": "Panneau illisible (nl)",
            "hint_en": "---",
            "hint_fr": "---",
            "hint_nl": "---",
            "category_class": 1,
            "secondary_category_class": 5,
            "public": true
        }
    },

    {
        "pk": 15,
        "model": "fixmystreet.reportcategory",
        "fields": {
            "name_en": "Marquage efface (en)",
            "name_fr": "Marquage efface",
            "name_nl": "Marquage efface (nl)",
            "hint_en": "---",
            "hint_fr": "---",
            "hint_nl": "---",
            "category_class": 1,
            "secondary_category_class": 5,
            "public": true
        }
    },

    {
        "pk": 16,
        "model": "fixmystreet.reportcategory",
        "fields": {
            "name_en": "Feu defectueux (en)",
            "name_fr": "Feu defectueux",
            "name_nl": "Feu defectueux (nl)",
            "hint_en": "---",
            "hint_fr": "---",
            "hint_nl": "---",
            "category_class": 1,
            "secondary_category_class": 5,
            "public": true
        }
    },

    {
        "pk": 17,
        "model": "fixmystreet.reportcategory",
        "fields": {
            "name_en": "Abime (en)",
            "name_fr": "Abime",
            "name_nl": "Abime (nl)",
            "hint_en": "---",
            "hint_fr": "---",
            "hint_nl": "---",
            "category_class": 1,
            "secondary_category_class": 6,
            "public": true
        }
    },

    {
        "pk": 18,
        "model": "fixmystreet.reportcategory",
        "fields": {
            "name_en": "Hors Service (en)",
            "name_fr": "Hors Service",
            "name_nl": "Hors Service (nl)",
            "hint_en": "---",
            "hint_fr": "---",
            "hint_nl": "---",
            "category_class": 1,
            "secondary_category_class": 6,
            "public": true
        }
    },

    {
        "pk": 19,
        "model": "fixmystreet.reportcategory",
        "fields": {
            "name_en": "Eclairage Diurne (en)",
            "name_fr": "Eclairage Diurne",
            "name_nl": "Eclairage Diurne (nl)",
            "hint_en": "---",
            "hint_fr": "---",
            "hint_nl": "---",
            "category_class": 1,
            "secondary_category_class": 6,
            "public": true
        }
    },

    {
        "pk": 20,
        "model": "fixmystreet.reportcategory",
        "fields": {
            "name_en": "Casse (en)",
            "name_fr": "Casse",
            "name_nl": "Casse (nl)",
            "hint_en": "---",
            "hint_fr": "---",
            "hint_nl": "---",
            "category_class": 1,
            "secondary_category_class": 7,
            "public": true
        }
    },

    {
        "pk": 21,
        "model": "fixmystreet.reportcategory",
        "fields": {
            "name_en": "Arrache (en)",
            "name_fr": "Arrache",
            "name_nl": "Arrache (nl)",
            "hint_en": "---",
            "hint_fr": "---",
            "hint_nl": "---",
            "category_class": 1,
            "secondary_category_class": 7,
            "public": true
        }
    },

    {
        "pk": 22,
        "model": "fixmystreet.reportcategory",
        "fields": {
            "name_en": "Disparu (en)",
            "name_fr": "Disparu",
            "name_nl": "Disparu (nl)",
            "hint_en": "---",
            "hint_fr": "---",
            "hint_nl": "---",
            "category_class": 1,
            "secondary_category_class": 7,
            "public": true
        }
    },

    {
        "pk": 23,
        "model": "fixmystreet.reportcategory",
        "fields": {
            "name_en": "Hors Service (en)",
            "name_fr": "Hors Service",
            "name_nl": "Hors Service (nl)",
            "hint_en": "---",
            "hint_fr": "---",
            "hint_nl": "---",
            "category_class": 1,
            "secondary_category_class": 8,
            "public": true
        }
    },

    {
        "pk": 24,
        "model": "fixmystreet.reportcategory",
        "fields": {
            "name_en": "Debordement (en)",
            "name_fr": "Debordement",
            "name_nl": "Debordement (nl)",
            "hint_en": "---",
            "hint_fr": "---",
            "hint_nl": "---",
            "category_class": 1,
            "secondary_category_class": 8,
            "public": true
        }
    },

    {
        "pk": 25,
        "model": "fixmystreet.reportcategory",
        "fields": {
            "name_en": "Fuite (en)",
            "name_fr": "Fuite",
            "name_nl": "Fuite (nl)",
            "hint_en": "---",
            "hint_fr": "---",
            "hint_nl": "---",
            "category_class": 1,
            "secondary_category_class": 8,
            "public": true
        }
    },

    {
        "pk": 26,
        "model": "fixmystreet.reportcategory",
        "fields": {
            "name_en": "Trou (en)",
            "name_fr": "Trou",
            "name_nl": "Trou (nl)",
            "hint_en": "---",
            "hint_fr": "---",
            "hint_nl": "---",
            "category_class": 2,
            "secondary_category_class": 1,
            "public": true
        }
    },

    {
        "pk": 27,
        "model": "fixmystreet.reportcategory",
        "fields": {
            "name_en": "Revetement degrade (en)",
            "name_fr": "Revetement degrade",
            "name_nl": "Revetement degrade (nl)",
            "hint_en": "---",
            "hint_fr": "---",
            "hint_nl": "---",
            "category_class": 2,
            "secondary_category_class": 1,
            "public": true
        }
    },

    {
        "pk": 28,
        "model": "fixmystreet.reportcategory",
        "fields": {
            "name_en": "Affaissement (en)",
            "name_fr": "Affaissement",
            "name_nl": "Affaissement (nl)",
            "hint_en": "---",
            "hint_fr": "---",
            "hint_nl": "---",
            "category_class": 2,
            "secondary_category_class": 1,
            "public": true
        }
    },

    {
        "pk": 29,
        "model": "fixmystreet.reportcategory",
        "fields": {
            "name_en": "Dechets (en)",
            "name_fr": "Dechets",
            "name_nl": "Dechets (nl)",
            "hint_en": "---",
            "hint_fr": "---",
            "hint_nl": "---",
            "category_class": 2,
            "secondary_category_class": 2,
            "public": true
        }
    },

    {
        "pk": 30,
        "model": "fixmystreet.reportcategory",
        "fields": {
            "name_en": "Materiaux (en)",
            "name_fr": "Materiaux",
            "name_nl": "Materiaux (nl)",
            "hint_en": "---",
            "hint_fr": "---",
            "hint_nl": "---",
            "category_class": 2,
            "secondary_category_class": 2,
            "public": true
        }
    },

    {
        "pk": 31,
        "model": "fixmystreet.reportcategory",
        "fields": {
            "name_en": "Signalisation (en)",
            "name_fr": "Signalisation",
            "name_nl": "Signalisation (nl)",
            "hint_en": "---",
            "hint_fr": "---",
            "hint_nl": "---",
            "category_class": 2,
            "secondary_category_class": 2,
            "public": true
        }
    },

    {
        "pk": 32,
        "model": "fixmystreet.reportcategory",
        "fields": {
            "name_en": "Objet (en)",
            "name_fr": "Objet",
            "name_nl": "Objet (nl)",
            "hint_en": "---",
            "hint_fr": "---",
            "hint_nl": "---",
            "category_class": 2,
            "secondary_category_class": 2,
            "public": true
        }
    },

    {
        "pk": 33,
        "model": "fixmystreet.reportcategory",
        "fields": {
            "name_en": "Bouche (en)",
            "name_fr": "Bouche",
            "name_nl": "Bouche (nl)",
            "hint_en": "---",
            "hint_fr": "---",
            "hint_nl": "---",
            "category_class": 2,
            "secondary_category_class": 3,
            "public": true
        }
    },

    {
        "pk": 34,
        "model": "fixmystreet.reportcategory",
        "fields": {
            "name_en": "Casse (en)",
            "name_fr": "Casse",
            "name_nl": "Casse (nl)",
            "hint_en": "---",
            "hint_fr": "---",
            "hint_nl": "---",
            "category_class": 2,
            "secondary_category_class": 3,
            "public": true
        }
    },

    {
        "pk": 35,
        "model": "fixmystreet.reportcategory",
        "fields": {
            "name_en": "Branche cassee (en)",
            "name_fr": "Branche cassee",
            "name_nl": "Branche cassee (nl)",
            "hint_en": "---",
            "hint_fr": "---",
            "hint_nl": "---",
            "category_class": 2,
            "secondary_category_class": 4,
            "public": true
        }
    },

    {
        "pk": 36,
        "model": "fixmystreet.reportcategory",
        "fields": {
            "name_en": "Arbre dangereux (en)",
            "name_fr": "Arbre dangereux",
            "name_nl": "Arbre dangereux (nl)",
            "hint_en": "---",
            "hint_fr": "---",
            "hint_nl": "---",
            "category_class": 2,
            "secondary_category_class": 4,
            "public": true
        }
    },

    {
        "pk": 37,
        "model": "fixmystreet.reportcategory",
        "fields": {
            "name_en": "Vegetation genante (en)",
            "name_fr": "Vegetation genante",
            "name_nl": "Vegetation genante (nl)",
            "hint_en": "---",
            "hint_fr": "---",
            "hint_nl": "---",
            "category_class": 2,
            "secondary_category_class": 4,
            "public": true
        }
    },

    {
        "pk": 38,
        "model": "fixmystreet.reportcategory",
        "fields": {
            "name_en": "Panneau abime (en)",
            "name_fr": "Panneau abime",
            "name_nl": "Panneau abime (nl)",
            "hint_en": "---",
            "hint_fr": "---",
            "hint_nl": "---",
            "category_class": 2,
            "secondary_category_class": 5,
            "public": true
        }
    },

    {
        "pk": 39,
        "model": "fixmystreet.reportcategory",
        "fields": {
            "name_en": "Panneau illisible (en)",
            "name_fr": "Panneau illisible",
            "name_nl": "Panneau illisible (nl)",
            "hint_en": "---",
            "hint_fr": "---",
            "hint_nl": "---",
            "category_class": 2,
            "secondary_category_class": 5,
            "public": true
        }
    },

    {
        "pk": 40,
        "model": "fixmystreet.reportcategory",
        "fields": {
            "name_en": "Marquage efface (en)",
            "name_fr": "Marquage efface",
            "name_nl": "Marquage efface (nl)",
            "hint_en": "---",
            "hint_fr": "---",
            "hint_nl": "---",
            "category_class": 2,
            "secondary_category_class": 5,
            "public": true
        }
    },

    {
        "pk": 41,
        "model": "fixmystreet.reportcategory",
        "fields": {
            "name_en": "Feu defectueux (en)",
            "name_fr": "Feu defectueux",
            "name_nl": "Feu defectueux (nl)",
            "hint_en": "---",
            "hint_fr": "---",
            "hint_nl": "---",
            "category_class": 2,
            "secondary_category_class": 5,
            "public": true
        }
    },

    {
        "pk": 42,
        "model": "fixmystreet.reportcategory",
        "fields": {
            "name_en": "Abime (en)",
            "name_fr": "Abime",
            "name_nl": "Abime (nl)",
            "hint_en": "---",
            "hint_fr": "---",
            "hint_nl": "---",
            "category_class": 2,
            "secondary_category_class": 6,
            "public": true
        }
    },

    {
        "pk": 43,
        "model": "fixmystreet.reportcategory",
        "fields": {
            "name_en": "Hors Service (en)",
            "name_fr": "Hors Service",
            "name_nl": "Hors Service (nl)",
            "hint_en": "---",
            "hint_fr": "---",
            "hint_nl": "---",
            "category_class": 2,
            "secondary_category_class": 6,
            "public": true
        }
    },

    {
        "pk": 44,
        "model": "fixmystreet.reportcategory",
        "fields": {
            "name_en": "Eclairage Diurne (en)",
            "name_fr": "Eclairage Diurne",
            "name_nl": "Eclairage Diurne (nl)",
            "hint_en": "---",
            "hint_fr": "---",
            "hint_nl": "---",
            "category_class": 2,
            "secondary_category_class": 6,
            "public": true
        }
    },

    {
        "pk": 45,
        "model": "fixmystreet.reportcategory",
        "fields": {
            "name_en": "Casse (en)",
            "name_fr": "Casse",
            "name_nl": "Casse (nl)",
            "hint_en": "---",
            "hint_fr": "---",
            "hint_nl": "---",
            "category_class": 2,
            "secondary_category_class": 7,
            "public": true
        }
    },

    {
        "pk": 46,
        "model": "fixmystreet.reportcategory",
        "fields": {
            "name_en": "Arrache (en)",
            "name_fr": "Arrache",
            "name_nl": "Arrache (nl)",
            "hint_en": "---",
            "hint_fr": "---",
            "hint_nl": "---",
            "category_class": 2,
            "secondary_category_class": 7,
            "public": true
        }
    },

    {
        "pk": 47,
        "model": "fixmystreet.reportcategory",
        "fields": {
            "name_en": "Disparu (en)",
            "name_fr": "Disparu",
            "name_nl": "Disparu (nl)",
            "hint_en": "---",
            "hint_fr": "---",
            "hint_nl": "---",
            "category_class": 2,
            "secondary_category_class": 7,
            "public": true
        }
    },

    {
        "pk": 48,
        "model": "fixmystreet.reportcategory",
        "fields": {
            "name_en": "Hors Service (en)",
            "name_fr": "Hors Service",
            "name_nl": "Hors Service (nl)",
            "hint_en": "---",
            "hint_fr": "---",
            "hint_nl": "---",
            "category_class": 2,
            "secondary_category_class": 8,
            "public": true
        }
    },

    {
        "pk": 49,
        "model": "fixmystreet.reportcategory",
        "fields": {
            "name_en": "Debordement (en)",
            "name_fr": "Debordement",
            "name_nl": "Debordement (nl)",
            "hint_en": "---",
            "hint_fr": "---",
            "hint_nl": "---",
            "category_class": 2,
            "secondary_category_class": 8,
            "public": true
        }
    },

    {
        "pk": 50,
        "model": "fixmystreet.reportcategory",
        "fields": {
            "name_en": "Fuite (en)",
            "name_fr": "Fuite",
            "name_nl": "Fuite (nl)",
            "hint_en": "---",
            "hint_fr": "---",
            "hint_nl": "---",
            "category_class": 2,
            "secondary_category_class": 8,
            "public": true
        }
    },

    {
        "pk": 51,
        "model": "fixmystreet.reportcategory",
        "fields": {
            "name_en": "Trou (en)",
            "name_fr": "Trou",
            "name_nl": "Trou (nl)",
            "hint_en": "---",
            "hint_fr": "---",
            "hint_nl": "---",
            "category_class": 3,
            "secondary_category_class": 1,
            "public": true
        }
    },

    {
        "pk": 52,
        "model": "fixmystreet.reportcategory",
        "fields": {
            "name_en": "Revetement degrade (en)",
            "name_fr": "Revetement degrade",
            "name_nl": "Revetement degrade (nl)",
            "hint_en": "---",
            "hint_fr": "---",
            "hint_nl": "---",
            "category_class": 3,
            "secondary_category_class": 1,
            "public": true
        }
    },

    {
        "pk": 53,
        "model": "fixmystreet.reportcategory",
        "fields": {
            "name_en": "Affaissement (en)",
            "name_fr": "Affaissement",
            "name_nl": "Affaissement (nl)",
            "hint_en": "---",
            "hint_fr": "---",
            "hint_nl": "---",
            "category_class": 3,
            "secondary_category_class": 1,
            "public": true
        }
    },

    {
        "pk": 54,
        "model": "fixmystreet.reportcategory",
        "fields": {
            "name_en": "Dechets (en)",
            "name_fr": "Dechets",
            "name_nl": "Dechets (nl)",
            "hint_en": "---",
            "hint_fr": "---",
            "hint_nl": "---",
            "category_class": 3,
            "secondary_category_class": 2,
            "public": true
        }
    },

    {
        "pk": 55,
        "model": "fixmystreet.reportcategory",
        "fields": {
            "name_en": "Materiaux (en)",
            "name_fr": "Materiaux",
            "name_nl": "Materiaux (nl)",
            "hint_en": "---",
            "hint_fr": "---",
            "hint_nl": "---",
            "category_class": 3,
            "secondary_category_class": 2,
            "public": true
        }
    },

    {
        "pk": 56,
        "model": "fixmystreet.reportcategory",
        "fields": {
            "name_en": "Signalisation (en)",
            "name_fr": "Signalisation",
            "name_nl": "Signalisation (nl)",
            "hint_en": "---",
            "hint_fr": "---",
            "hint_nl": "---",
            "category_class": 3,
            "secondary_category_class": 2,
            "public": true
        }
    },

    {
        "pk": 57,
        "model": "fixmystreet.reportcategory",
        "fields": {
            "name_en": "Objet (en)",
            "name_fr": "Objet",
            "name_nl": "Objet (nl)",
            "hint_en": "---",
            "hint_fr": "---",
            "hint_nl": "---",
            "category_class": 3,
            "secondary_category_class": 2,
            "public": true
        }
    },

    {
        "pk": 58,
        "model": "fixmystreet.reportcategory",
        "fields": {
            "name_en": "Bouche (en)",
            "name_fr": "Bouche",
            "name_nl": "Bouche (nl)",
            "hint_en": "---",
            "hint_fr": "---",
            "hint_nl": "---",
            "category_class": 3,
            "secondary_category_class": 3,
            "public": true
        }
    },

    {
        "pk": 59,
        "model": "fixmystreet.reportcategory",
        "fields": {
            "name_en": "Casse (en)",
            "name_fr": "Casse",
            "name_nl": "Casse (nl)",
            "hint_en": "---",
            "hint_fr": "---",
            "hint_nl": "---",
            "category_class": 3,
            "secondary_category_class": 3,
            "public": true
        }
    },

    {
        "pk": 60,
        "model": "fixmystreet.reportcategory",
        "fields": {
            "name_en": "Branche cassee (en)",
            "name_fr": "Branche cassee",
            "name_nl": "Branche cassee (nl)",
            "hint_en": "---",
            "hint_fr": "---",
            "hint_nl": "---",
            "category_class": 3,
            "secondary_category_class": 4,
            "public": true
        }
    },

    {
        "pk": 61,
        "model": "fixmystreet.reportcategory",
        "fields": {
            "name_en": "Arbre dangereux (en)",
            "name_fr": "Arbre dangereux",
            "name_nl": "Arbre dangereux (nl)",
            "hint_en": "---",
            "hint_fr": "---",
            "hint_nl": "---",
            "category_class": 3,
            "secondary_category_class": 4,
            "public": true
        }
    },

    {
        "pk": 62,
        "model": "fixmystreet.reportcategory",
        "fields": {
            "name_en": "Vegetation genante (en)",
            "name_fr": "Vegetation genante",
            "name_nl": "Vegetation genante (nl)",
            "hint_en": "---",
            "hint_fr": "---",
            "hint_nl": "---",
            "category_class": 3,
            "secondary_category_class": 4,
            "public": true
        }
    },

    {
        "pk": 63,
        "model": "fixmystreet.reportcategory",
        "fields": {
            "name_en": "Panneau abime (en)",
            "name_fr": "Panneau abime",
            "name_nl": "Panneau abime (nl)",
            "hint_en": "---",
            "hint_fr": "---",
            "hint_nl": "---",
            "category_class": 3,
            "secondary_category_class": 5,
            "public": true
        }
    },

    {
        "pk": 64,
        "model": "fixmystreet.reportcategory",
        "fields": {
            "name_en": "Panneau illisible (en)",
            "name_fr": "Panneau illisible",
            "name_nl": "Panneau illisible (nl)",
            "hint_en": "---",
            "hint_fr": "---",
            "hint_nl": "---",
            "category_class": 3,
            "secondary_category_class": 5,
            "public": true
        }
    },

    {
        "pk": 65,
        "model": "fixmystreet.reportcategory",
        "fields": {
            "name_en": "Marquage efface (en)",
            "name_fr": "Marquage efface",
            "name_nl": "Marquage efface (nl)",
            "hint_en": "---",
            "hint_fr": "---",
            "hint_nl": "---",
            "category_class": 3,
            "secondary_category_class": 5,
            "public": true
        }
    },

    {
        "pk": 66,
        "model": "fixmystreet.reportcategory",
        "fields": {
            "name_en": "Feu defectueux (en)",
            "name_fr": "Feu defectueux",
            "name_nl": "Feu defectueux (nl)",
            "hint_en": "---",
            "hint_fr": "---",
            "hint_nl": "---",
            "category_class": 3,
            "secondary_category_class": 5,
            "public": true
        }
    },

    {
        "pk": 67,
        "model": "fixmystreet.reportcategory",
        "fields": {
            "name_en": "Abime (en)",
            "name_fr": "Abime",
            "name_nl": "Abime (nl)",
            "hint_en": "---",
            "hint_fr": "---",
            "hint_nl": "---",
            "category_class": 3,
            "secondary_category_class": 6,
            "public": true
        }
    },

    {
        "pk": 68,
        "model": "fixmystreet.reportcategory",
        "fields": {
            "name_en": "Hors Service (en)",
            "name_fr": "Hors Service",
            "name_nl": "Hors Service (nl)",
            "hint_en": "---",
            "hint_fr": "---",
            "hint_nl": "---",
            "category_class": 3,
            "secondary_category_class": 6,
            "public": true
        }
    },

    {
        "pk": 69,
        "model": "fixmystreet.reportcategory",
        "fields": {
            "name_en": "Eclairage Diurne (en)",
            "name_fr": "Eclairage Diurne",
            "name_nl": "Eclairage Diurne (nl)",
            "hint_en": "---",
            "hint_fr": "---",
            "hint_nl": "---",
            "category_class": 3,
            "secondary_category_class": 6,
            "public": true
        }
    },

    {
        "pk": 70,
        "model": "fixmystreet.reportcategory",
        "fields": {
            "name_en": "Casse (en)",
            "name_fr": "Casse",
            "name_nl": "Casse (nl)",
            "hint_en": "---",
            "hint_fr": "---",
            "hint_nl": "---",
            "category_class": 3,
            "secondary_category_class": 7,
            "public": true
        }
    },

    {
        "pk": 71,
        "model": "fixmystreet.reportcategory",
        "fields": {
            "name_en": "Arrache (en)",
            "name_fr": "Arrache",
            "name_nl": "Arrache (nl)",
            "hint_en": "---",
            "hint_fr": "---",
            "hint_nl": "---",
            "category_class": 3,
            "secondary_category_class": 7,
            "public": true
        }
    },

    {
        "pk": 72,
        "model": "fixmystreet.reportcategory",
        "fields": {
            "name_en": "Disparu (en)",
            "name_fr": "Disparu",
            "name_nl": "Disparu (nl)",
            "hint_en": "---",
            "hint_fr": "---",
            "hint_nl": "---",
            "category_class": 3,
            "secondary_category_class": 7,
            "public": true
        }
    },

    {
        "pk": 73,
        "model": "fixmystreet.reportcategory",
        "fields": {
            "name_en": "Trou (en)",
            "name_fr": "Trou",
            "name_nl": "Trou (nl)",
            "hint_en": "---",
            "hint_fr": "---",
            "hint_nl": "---",
            "category_class": 4,
            "secondary_category_class": 1,
            "public": true
        }
    },

    {
        "pk": 74,
        "model": "fixmystreet.reportcategory",
        "fields": {
            "name_en": "Revetement degrade (en)",
            "name_fr": "Revetement degrade",
            "name_nl": "Revetement degrade (nl)",
            "hint_en": "---",
            "hint_fr": "---",
            "hint_nl": "---",
            "category_class": 4,
            "secondary_category_class": 1,
            "public": true
        }
    },

    {
        "pk": 75,
        "model": "fixmystreet.reportcategory",
        "fields": {
            "name_en": "Affaissement (en)",
            "name_fr": "Affaissement",
            "name_nl": "Affaissement (nl)",
            "hint_en": "---",
            "hint_fr": "---",
            "hint_nl": "---",
            "category_class": 4,
            "secondary_category_class": 1,
            "public": true
        }
    },

    {
        "pk": 76,
        "model": "fixmystreet.reportcategory",
        "fields": {
            "name_en": "Dechets (en)",
            "name_fr": "Dechets",
            "name_nl": "Dechets (nl)",
            "hint_en": "---",
            "hint_fr": "---",
            "hint_nl": "---",
            "category_class": 4,
            "secondary_category_class": 2,
            "public": true
        }
    },

    {
        "pk": 77,
        "model": "fixmystreet.reportcategory",
        "fields": {
            "name_en": "Materiaux (en)",
            "name_fr": "Materiaux",
            "name_nl": "Materiaux (nl)",
            "hint_en": "---",
            "hint_fr": "---",
            "hint_nl": "---",
            "category_class": 4,
            "secondary_category_class": 2,
            "public": true
        }
    },

    {
        "pk": 78,
        "model": "fixmystreet.reportcategory",
        "fields": {
            "name_en": "Signalisation (en)",
            "name_fr": "Signalisation",
            "name_nl": "Signalisation (nl)",
            "hint_en": "---",
            "hint_fr": "---",
            "hint_nl": "---",
            "category_class": 4,
            "secondary_category_class": 2,
            "public": true
        }
    },

    {
        "pk": 79,
        "model": "fixmystreet.reportcategory",
        "fields": {
            "name_en": "Objet (en)",
            "name_fr": "Objet",
            "name_nl": "Objet (nl)",
            "hint_en": "---",
            "hint_fr": "---",
            "hint_nl": "---",
            "category_class": 4,
            "secondary_category_class": 2,
            "public": true
        }
    },

    {
        "pk": 80,
        "model": "fixmystreet.reportcategory",
        "fields": {
            "name_en": "Bouche (en)",
            "name_fr": "Bouche",
            "name_nl": "Bouche (nl)",
            "hint_en": "---",
            "hint_fr": "---",
            "hint_nl": "---",
            "category_class": 4,
            "secondary_category_class": 3,
            "public": true
        }
    },

    {
        "pk": 81,
        "model": "fixmystreet.reportcategory",
        "fields": {
            "name_en": "Casse (en)",
            "name_fr": "Casse",
            "name_nl": "Casse (nl)",
            "hint_en": "---",
            "hint_fr": "---",
            "hint_nl": "---",
            "category_class": 4,
            "secondary_category_class": 3,
            "public": true
        }
    },

    {
        "pk": 82,
        "model": "fixmystreet.reportcategory",
        "fields": {
            "name_en": "Branche cassee (en)",
            "name_fr": "Branche cassee",
            "name_nl": "Branche cassee (nl)",
            "hint_en": "---",
            "hint_fr": "---",
            "hint_nl": "---",
            "category_class": 4,
            "secondary_category_class": 4,
            "public": true
        }
    },

    {
        "pk": 83,
        "model": "fixmystreet.reportcategory",
        "fields": {
            "name_en": "Arbre dangereux (en)",
            "name_fr": "Arbre dangereux",
            "name_nl": "Arbre dangereux (nl)",
            "hint_en": "---",
            "hint_fr": "---",
            "hint_nl": "---",
            "category_class": 4,
            "secondary_category_class": 4,
            "public": true
        }
    },

    {
        "pk": 84,
        "model": "fixmystreet.reportcategory",
        "fields": {
            "name_en": "Vegetation genante (en)",
            "name_fr": "Vegetation genante",
            "name_nl": "Vegetation genante (nl)",
            "hint_en": "---",
            "hint_fr": "---",
            "hint_nl": "---",
            "category_class": 4,
            "secondary_category_class": 4,
            "public": true
        }
    },

    {
        "pk": 85,
        "model": "fixmystreet.reportcategory",
        "fields": {
            "name_en": "Panneau abime (en)",
            "name_fr": "Panneau abime",
            "name_nl": "Panneau abime (nl)",
            "hint_en": "---",
            "hint_fr": "---",
            "hint_nl": "---",
            "category_class": 4,
            "secondary_category_class": 5,
            "public": true
        }
    },

    {
        "pk": 86,
        "model": "fixmystreet.reportcategory",
        "fields": {
            "name_en": "Panneau illisible (en)",
            "name_fr": "Panneau illisible",
            "name_nl": "Panneau illisible (nl)",
            "hint_en": "---",
            "hint_fr": "---",
            "hint_nl": "---",
            "category_class": 4,
            "secondary_category_class": 5,
            "public": true
        }
    },

    {
        "pk": 87,
        "model": "fixmystreet.reportcategory",
        "fields": {
            "name_en": "Marquage efface (en)",
            "name_fr": "Marquage efface",
            "name_nl": "Marquage efface (nl)",
            "hint_en": "---",
            "hint_fr": "---",
            "hint_nl": "---",
            "category_class": 4,
            "secondary_category_class": 5,
            "public": true
        }
    },

    {
        "pk": 88,
        "model": "fixmystreet.reportcategory",
        "fields": {
            "name_en": "Feu defectueux (en)",
            "name_fr": "Feu defectueux",
            "name_nl": "Feu defectueux (nl)",
            "hint_en": "---",
            "hint_fr": "---",
            "hint_nl": "---",
            "category_class": 4,
            "secondary_category_class": 5,
            "public": true
        }
    },

    {
        "pk": 89,
        "model": "fixmystreet.reportcategory",
        "fields": {
            "name_en": "Abime (en)",
            "name_fr": "Abime",
            "name_nl": "Abime (nl)",
            "hint_en": "---",
            "hint_fr": "---",
            "hint_nl": "---",
            "category_class": 4,
            "secondary_category_class": 6,
            "public": true
        }
    },

    {
        "pk": 90,
        "model": "fixmystreet.reportcategory",
        "fields": {
            "name_en": "Hors Service (en)",
            "name_fr": "Hors Service",
            "name_nl": "Hors Service (nl)",
            "hint_en": "---",
            "hint_fr": "---",
            "hint_nl": "---",
            "category_class": 4,
            "secondary_category_class": 6,
            "public": true
        }
    },

    {
        "pk": 91,
        "model": "fixmystreet.reportcategory",
        "fields": {
            "name_en": "Eclairage Diurne (en)",
            "name_fr": "Eclairage Diurne",
            "name_nl": "Eclairage Diurne (nl)",
            "hint_en": "---",
            "hint_fr": "---",
            "hint_nl": "---",
            "category_class": 4,
            "secondary_category_class": 6,
            "public": true
        }
    },

    {
        "pk": 92,
        "model": "fixmystreet.reportcategory",
        "fields": {
            "name_en": "Casse (en)",
            "name_fr": "Casse",
            "name_nl": "Casse (nl)",
            "hint_en": "---",
            "hint_fr": "---",
            "hint_nl": "---",
            "category_class": 4,
            "secondary_category_class": 7,
            "public": true
        }
    },

    {
        "pk": 93,
        "model": "fixmystreet.reportcategory",
        "fields": {
            "name_en": "Arrache (en)",
            "name_fr": "Arrache",
            "name_nl": "Arrache (nl)",
            "hint_en": "---",
            "hint_fr": "---",
            "hint_nl": "---",
            "category_class": 4,
            "secondary_category_class": 7,
            "public": true
        }
    },

    {
        "pk": 94,
        "model": "fixmystreet.reportcategory",
        "fields": {
            "name_en": "Disparu (en)",
            "name_fr": "Disparu",
            "name_nl": "Disparu (nl)",
            "hint_en": "---",
            "hint_fr": "---",
            "hint_nl": "---",
            "category_class": 4,
            "secondary_category_class": 7,
            "public": true
        }
    },

    {
        "pk": 95,
        "model": "fixmystreet.reportcategory",
        "fields": {
            "name_en": "Hors Service (en)",
            "name_fr": "Hors Service",
            "name_nl": "Hors Service (nl)",
            "hint_en": "---",
            "hint_fr": "---",
            "hint_nl": "---",
            "category_class": 4,
            "secondary_category_class": 8,
            "public": true
        }
    },

    {
        "pk": 96,
        "model": "fixmystreet.reportcategory",
        "fields": {
            "name_en": "Debordement (en)",
            "name_fr": "Debordement",
            "name_nl": "Debordement (nl)",
            "hint_en": "---",
            "hint_fr": "---",
            "hint_nl": "---",
            "category_class": 4,
            "secondary_category_class": 8,
            "public": true
        }
    },

    {
        "pk": 97,
        "model": "fixmystreet.reportcategory",
        "fields": {
            "name_en": "Fuite (en)",
            "name_fr": "Fuite",
            "name_nl": "Fuite (nl)",
            "hint_en": "---",
            "hint_fr": "---",
            "hint_nl": "---",
            "category_class": 4,
            "secondary_category_class": 8,
            "public": true
        }
    },

    {
        "pk": 98,
        "model": "fixmystreet.reportcategory",
        "fields": {
            "name_en": "Trou (en)",
            "name_fr": "Trou",
            "name_nl": "Trou (nl)",
            "hint_en": "---",
            "hint_fr": "---",
            "hint_nl": "---",
            "category_class": 5,
            "secondary_category_class": 1,
            "public": true
        }
    },

    {
        "pk":99,
        "model": "fixmystreet.reportcategory",
        "fields": {
            "name_en": "Revetement degrade (en)",
            "name_fr": "Revetement degrade",
            "name_nl": "Revetement degrade (nl)",
            "hint_en": "---",
            "hint_fr": "---",
            "hint_nl": "---",
            "category_class": 5,
            "secondary_category_class": 1,
            "public": true
        }
    },

    {
        "pk": 100,
        "model": "fixmystreet.reportcategory",
        "fields": {
            "name_en": "Affaissement (en)",
            "name_fr": "Affaissement",
            "name_nl": "Affaissement (nl)",
            "hint_en": "---",
            "hint_fr": "---",
            "hint_nl": "---",
            "category_class": 5,
            "secondary_category_class": 1,
            "public": true
        }
    },

    {
        "pk": 101,
        "model": "fixmystreet.reportcategory",
        "fields": {
            "name_en": "Dechets (en)",
            "name_fr": "Dechets",
            "name_nl": "Dechets (nl)",
            "hint_en": "---",
            "hint_fr": "---",
            "hint_nl": "---",
            "category_class": 5,
            "secondary_category_class": 2,
            "public": true
        }
    },

    {
        "pk": 102,
        "model": "fixmystreet.reportcategory",
        "fields": {
            "name_en": "Materiaux (en)",
            "name_fr": "Materiaux",
            "name_nl": "Materiaux (nl)",
            "hint_en": "---",
            "hint_fr": "---",
            "hint_nl": "---",
            "category_class": 5,
            "secondary_category_class": 2,
            "public": true
        }
    },

    {
        "pk": 103,
        "model": "fixmystreet.reportcategory",
        "fields": {
            "name_en": "Signalisation (en)",
            "name_fr": "Signalisation",
            "name_nl": "Signalisation (nl)",
            "hint_en": "---",
            "hint_fr": "---",
            "hint_nl": "---",
            "category_class": 5,
            "secondary_category_class": 2,
            "public": true
        }
    },

    {
        "pk": 104,
        "model": "fixmystreet.reportcategory",
        "fields": {
            "name_en": "Objet (en)",
            "name_fr": "Objet",
            "name_nl": "Objet (nl)",
            "hint_en": "---",
            "hint_fr": "---",
            "hint_nl": "---",
            "category_class": 5,
            "secondary_category_class": 2,
            "public": true
        }
    },

    {
        "pk": 105,
        "model": "fixmystreet.reportcategory",
        "fields": {
            "name_en": "Bouche (en)",
            "name_fr": "Bouche",
            "name_nl": "Bouche (nl)",
            "hint_en": "---",
            "hint_fr": "---",
            "hint_nl": "---",
            "category_class": 5,
            "secondary_category_class": 3,
            "public": true
        }
    },

    {
        "pk": 106,
        "model": "fixmystreet.reportcategory",
        "fields": {
            "name_en": "Casse (en)",
            "name_fr": "Casse",
            "name_nl": "Casse (nl)",
            "hint_en": "---",
            "hint_fr": "---",
            "hint_nl": "---",
            "category_class": 5,
            "secondary_category_class": 3,
            "public": true
        }
    },

    {
        "pk": 107,
        "model": "fixmystreet.reportcategory",
        "fields": {
            "name_en": "Panneau abime (en)",
            "name_fr": "Panneau abime",
            "name_nl": "Panneau abime (nl)",
            "hint_en": "---",
            "hint_fr": "---",
            "hint_nl": "---",
            "category_class": 5,
            "secondary_category_class": 5,
            "public": true
        }
    },

    {
        "pk": 108,
        "model": "fixmystreet.reportcategory",
        "fields": {
            "name_en": "Panneau illisible (en)",
            "name_fr": "Panneau illisible",
            "name_nl": "Panneau illisible (nl)",
            "hint_en": "---",
            "hint_fr": "---",
            "hint_nl": "---",
            "category_class": 5,
            "secondary_category_class": 5,
            "public": true
        }
    },

    {
        "pk": 109,
        "model": "fixmystreet.reportcategory",
        "fields": {
            "name_en": "Marquage efface (en)",
            "name_fr": "Marquage efface",
            "name_nl": "Marquage efface (nl)",
            "hint_en": "---",
            "hint_fr": "---",
            "hint_nl": "---",
            "category_class": 5,
            "secondary_category_class": 5,
            "public": true
        }
    },

    {
        "pk": 110,
        "model": "fixmystreet.reportcategory",
        "fields": {
            "name_en": "Feu defectueux (en)",
            "name_fr": "Feu defectueux",
            "name_nl": "Feu defectueux (nl)",
            "hint_en": "---",
            "hint_fr": "---",
            "hint_nl": "---",
            "category_class": 5,
            "secondary_category_class": 5,
            "public": true
        }
    },

    {
        "pk": 111,
        "model": "fixmystreet.reportcategory",
        "fields": {
            "name_en": "Abime (en)",
            "name_fr": "Abime",
            "name_nl": "Abime (nl)",
            "hint_en": "---",
            "hint_fr": "---",
            "hint_nl": "---",
            "category_class": 5,
            "secondary_category_class": 6,
            "public": true
        }
    },

    {
        "pk": 112,
        "model": "fixmystreet.reportcategory",
        "fields": {
            "name_en": "Hors Service (en)",
            "name_fr": "Hors Service",
            "name_nl": "Hors Service (nl)",
            "hint_en": "---",
            "hint_fr": "---",
            "hint_nl": "---",
            "category_class": 5,
            "secondary_category_class": 6,
            "public": true
        }
    },

    {
        "pk": 113,
        "model": "fixmystreet.reportcategory",
        "fields": {
            "name_en": "Eclairage Diurne (en)",
            "name_fr": "Eclairage Diurne",
            "name_nl": "Eclairage Diurne (nl)",
            "hint_en": "---",
            "hint_fr": "---",
            "hint_nl": "---",
            "category_class": 5,
            "secondary_category_class": 6,
            "public": true
        }
    },

    {
        "pk": 114,
        "model": "fixmystreet.reportcategory",
        "fields": {
            "name_en": "Casse (en)",
            "name_fr": "Casse",
            "name_nl": "Casse (nl)",
            "hint_en": "---",
            "hint_fr": "---",
            "hint_nl": "---",
            "category_class": 5,
            "secondary_category_class": 7,
            "public": true
        }
    },

    {
        "pk": 115,
        "model": "fixmystreet.reportcategory",
        "fields": {
            "name_en": "Arrache (en)",
            "name_fr": "Arrache",
            "name_nl": "Arrache (nl)",
            "hint_en": "---",
            "hint_fr": "---",
            "hint_nl": "---",
            "category_class": 5,
            "secondary_category_class": 7,
            "public": true
        }
    },

    {
        "pk": 116,
        "model": "fixmystreet.reportcategory",
        "fields": {
            "name_en": "Disparu (en)",
            "name_fr": "Disparu",
            "name_nl": "Disparu (nl)",
            "hint_en": "---",
            "hint_fr": "---",
            "hint_nl": "---",
            "category_class": 5,
            "secondary_category_class": 7,
            "public": true
        }
    },
    
    {
        "pk": 1, 
        "model": "fixmystreet.faqentry", 
        "fields": {
            "q_fr": "Qui g\u00e8re ce site ?",
            "q_en": "Who Runs This Site?",
            "order": 2,
            "a_fr": "<a href='http://www.cirb.irisnet.be' style='float:left;'><img src='/media/images/CIRB-CIBG.gif'/></a><p>FixMyStreet Bruxelles est maintenu par le CIRB Centre dInformatique pour la R\u00e9gion Bruxelloise (<a href='http://www.cirb.irisnet.be'>www.cirb.irisnet.be</a>).</p><p>L'id\u00e9e originale a \u00e9t\u00e9 inspir\u00e9 par <a href='http://mysociety.org'>MySociety's </a> <a href='http://fixmystreet.org'>FixMyStreet</a>, et adapt\u00e9e pour Bruxelles par le CIRB.</p><p>Le projet a \u00e9t\u00e9 r\u00e9alis\u00e9 \u00e0 partir du code open source du projet <a href='http://fixmystreet.ca'>fixmystreet.ca</a> de <a href='http://visiblegovernment.ca'>visiblegovernment.ca</a>.</p>", 
            "a_en": "<a href='http://www.cirb.irisnet.be' style='float:left;'><img src='/media/images/CIRB-CIBG.gif'/></a><p>Fix My Street Brussels is maintained by CIBG (<a href='http://www.cirb.irisnet.be'>www.cirb.irisnet.be</a>).</p><p>The original concept was inspired by <a href='http://mysociety.org'>MySociety's</a> <a href='http://fixmystreet.org'>example</a>, which was adapted for Brussels by CIRB</p><p>the project was forked from the open source project fixmystreet.ca by visiblegovernment.ca.</p>"
        }
    },
    {
        "pk": 2, 
        "model": "fixmystreet.faqentry", 
        "fields": {
            "q_fr": "Pourquoi ma commune n'est-elle pas reprise ?", 
            "q_en": "Why Isn't My Collective Listed?", 
            "order": 3, 
            "a_fr": "<p>FixMyStreet Bruxelles couvre toutes les communes de la R\u00e9gion de Bruxelles-Capitale et toutes les communes de la R\u00e9gion y sont reprises.</p>", 
            "a_en": "<p>FixMyStreet Brussels support only collectives from Brussels, all of them are represented on the site.</p>"
        }
    }, 
    {
        "pk": 3, 
        "model": "fixmystreet.faqentry", 
        "fields": {
            "q_fr": "Supprimer-vous le contenu ill\u00e9gal ou stupide ?", 
            "q_en": "Do you remove silly or illegal content?", 
            "order": 4, 
            "a_fr": "<p>FixMyStreet Bruxelles n'est pas responsable pour le contenu et la pr\u00e9cision des documents soumis par les utilisateurs. Tous les rapports sont accept\u00e9s avec l'assomption qu'ils ne contiennent pas de contenu ill\u00e9gal, et nous nous r\u00e9servons le droit de supprimer tout les rapports ou les mises \u00e0 jour que nous consid\u00e9rons comme \u00e9tant inappropri\u00e9s une fois averti par un utilisateur du site.", 
            "a_en": "<p>FixMyStreet Brussels is not responsible for the content and accuracy of material submitted by its users. All reports are accepted on the basis that they contain no illegal content, and we reserve the right to remove any problems or updates which we consider to be inappropriate upon being informed by a user of the site.</p>"
        }
    }, 
    {
        "pk": 4, 
        "model": "fixmystreet.faqentry", 
        "fields": {
            "q_fr": "Qui peut voir mon adresse email ?", 
            "q_en": "Who gets to see my email address?", 
            "order": 5, 
            "a_fr": "<p>Si vous soumettez un rapport, nous transmettons vos coordonn\u00e9es et les d\u00e9tails du probl\u00e8me au contact responsable (communal, r\u00e9gional ou autre) de lendroit o vous avez localis\u00e9 le probl\u00e8me. Lorsque vous envoyez un rapport ou une mise \u00e0 jour, votre nom est affich\u00e9 sur le site, mais pas votre adresse email.</p><p>Jamais nous ne communiquerons votre adresse email \u00e0 quiconque, \u00e0 moins que nous y soyons oblig\u00e9 par la loi.</p>", 
            "a_en": "<p>If you submit a problem, we pass on your contact details, and details of the problem, to the municipality contact responsible for the area where you located the problem.  When you submit a report or update, your name is displayed upon the site, but not your email address.</p>\r\n<p>We will never give or sell your email address to anyone else, unless we are obliged to by law.</p>\r\n\r\n"
        }
    },
    {
        "pk": 5, 
        "model": "fixmystreet.faqentry", 
        "fields": {
            "q_fr": "Allez-vous envoyer du spam \u00e0 mon adresse email ?", 
            "q_en": "Will you send spam to my email address?", 
            "order": 6, 
            "a_fr": "<p>Jamais. Nous vous enverrons un email si quelqu'un signale  une mise \u00e0 jour sur un probl\u00e8me que vous avez signal\u00e9, ou auquel vous avez souscrit un abonnement.</p>", 
            "a_en": "<p>Never. We will email you if someone leaves an update on a problem you\u2019ve reported, or subscribed to.  We will also send you a questionnaire email four weeks after you submit a problem, asking for a status update.</p> \r\n<p>We\u2019ll only ever send you emails in relation to problems you have reported or subscribed to.</p>\r\n"
        }
    },
    {
        "pk": 1,
        "model": "auth.user",
        "fields": {
            "first_name": "Jonathan",
            "last_name": "Sanchez",
            "username": "jsanchezpando",
            "password": "pbkdf2_sha256$10000$25rhVrjO5v94$hMupY1IKgfJqvwl8lTH7oVODnBtgaMlqafPXRKceW3g=",
            "is_staff": true,
            "is_superuser": true
        }
    },
    {
        "pk": 1,
        "model": "social_auth.usersocialauth",
        "fields": {
            "user": 1,
            "provider": "facebook",
            "uid": "100000545063842",
            "extra_data": "{\"access_token\": \"\", \"expires\": \"\", \"id\": \"100000545063842\"}"
        }
    },
    {
        "pk": 2,
        "model": "auth.user",
        "fields": {
            "first_name": "Lahcen",
            "last_name": "Afif",
            "username": "lafif",
            "password": "pbkdf2_sha256$10000$25rhVrjO5v94$hMupY1IKgfJqvwl8lTH7oVODnBtgaMlqafPXRKceW3g=", 
            "is_staff": true,
            "is_superuser": true
        }
    },
    {
        "pk": 2,
        "model": "social_auth.usersocialauth",
        "fields": {
            "user": 2,
            "provider": "facebook",
            "uid": "100000594973287",
            "extra_data": "{\"access_token\": \"\", \"expires\": \"\", \"id\": \"100000594973287\"}"
        }
    },
    {
        "pk": 3,
        "model": "auth.user",
        "fields": {
            "first_name": "Patrick",
            "last_name": "Van Vooren",
            "username": "pvanvooren",
            "password": "pbkdf2_sha256$10000$25rhVrjO5v94$hMupY1IKgfJqvwl8lTH7oVODnBtgaMlqafPXRKceW3g=",
            "is_staff": true,
            "is_superuser": true
        }
    },
    {
        "pk": 3,
        "model": "social_auth.usersocialauth",
        "fields": {
            "user": 3,
            "provider": "facebook",
            "uid": "100001613324697",
            "extra_data": "{\"access_token\": \"\", \"expires\": \"\", \"id\": \"100001613324697\"}"
        }
    },
   {
        "pk": 4,
        "model": "auth.user",
        "fields": {
            "first_name": "Thibaut",
            "last_name": "de Sany",
            "username": "tdesany",
            "password": "pbkdf2_sha256$10000$25rhVrjO5v94$hMupY1IKgfJqvwl8lTH7oVODnBtgaMlqafPXRKceW3g=",
            "is_staff": true,
            "is_superuser": true
        }
    },
    {
        "pk": 4,
        "model": "social_auth.usersocialauth",
        "fields": {
            "user": 4,
            "provider": "facebook",
            "uid": "100004563324697",
            "extra_data": "{\"access_token\": \"\", \"expires\": \"\", \"id\": \"100005513324697\"}"
        }
    },
   {
        "pk": 5,
        "model": "auth.user",
        "fields": {
            "first_name": "Livio",
            "last_name": "Van Rymenant",
            "username": "livio",
            "password": "pbkdf2_sha256$10000$25rhVrjO5v94$hMupY1IKgfJqvwl8lTH7oVODnBtgaMlqafPXRKceW3g=",
            "is_staff": true,
            "is_superuser": true
        }
    },
    {
        "pk": 5,
        "model": "social_auth.usersocialauth",
        "fields": {
            "user": 5,
            "provider": "facebook",
            "uid": "1000045767324697",
            "extra_data": "{\"access_token\": \"\", \"expires\": \"\", \"id\": \"100085513324697\"}"
        }
    }, 
   {
    	"pk":1,
    	"model":"fixmystreet.status",
    	"fields": {
    		"name_nl":"Aangemaakt",
    		"name_en":"Created",
    		"name_fr":"Cr",
    		"code":"0"
    	}
    },
    {
    	"pk":2,
    	"model":"fixmystreet.status",
    	"fields": {
    		"name_nl":"In behandeling",
    		"name_en":"In progress",
    		"name_fr":"En progres",
    		"code":"1"
    	}
    },
    {
    	"pk":3,
    	"model":"fixmystreet.status",
    	"fields": {
    		"name_nl":"Afgehandeld",
    		"name_en":"Processed",
    		"name_fr":"Precessed",
    		"code":"3"
    	}
    },
    {
        "pk":1,
        "model":"auth.group",
        "fields":{
            "name":"EntityJette"
        }
    },
    {
        "pk":1,
        "model":"fixmystreet.role",
        "fields":{
            "group":1,
            "code":0,
            "label_en":"Agent",
            "label_fr":"Agent",
            "label_nl":"Agent"
        }
    }

    
]

