[
    {
        "pk": 1, 
        "model": "sites.site", 
        "fields": {
            "domain": "fixmystreet.irisnet.be", 
            "name": "fixmystreet.irisnet.be"
        }
    }, 
    {
        "pk": 2, 
        "model": "sites.site", 
        "fields": {
            "domain": "fixmystreet.irisnetlab.be", 
            "name": "fixmystreet.irisnetlab.be"
        }
    }, 
    {
        "pk": 3, 
        "model": "sites.site", 
        "fields": {
            "domain": "localhost:8000", 
            "name": "localhost"
        }
    }, 
    {
        "pk": 1, 
        "model": "mainapp.province", 
        "fields": {
            "abbrev": "BXL", 
            "name": "Region de Bruxelles-Capitale"
        }
    }, 
    {
        "pk": 1, 
        "model": "mainapp.city", 
        "fields": {
            "name": "Bruxelles",
            "province": 1
        }
    }, 
        {
        "pk": 1, 
        "model": "mainapp.councillor", 
        "fields": {
            "first_name": "jonathan", 
            "last_name": "Sanchez", 
            "email": "jsanchezpando@cirb.irisnet.be"
        }
    }, 
    {
        "pk": 2, 
        "model": "mainapp.councillor", 
        "fields": {
            "first_name": "Bob", 
            "last_name": "Barley", 
            "email": "jsanchezpando@cirb.irisnet.be"
        }
    }, 
    {
        "pk": 3,
        "model": "mainapp.councillor",
        "fields": {
            "first_name": "Carol",
            "last_name": "Cumberland",
            "email": "jsanchezpando@cirb.irisnet.be"
        }
    },
    {
        "pk": 4,
        "model": "mainapp.councillor",
        "fields": {
            "first_name": "David ",
            "last_name": "Dodds",
            "email": "jsanchezpando@cirb.irisnet.be"
        }
    },
    {
        "pk": 5,
        "model": "mainapp.councillor",
        "fields": {
            "first_name": "Edward",
            "last_name": " Eldridge", 
            "email": "jsanchezpando@cirb.irisnet.be"
        }
    }, 
 
    {
        "pk": 6, 
        "model": "mainapp.councillor", 
        "fields": {
            "first_name": "Fred ", 
            "last_name": "Flanahan", 
            "email": "jsanchezpando@cirb.irisnet.be"
        }
    }, 
    {
        "pk": 1, 
        "model": "mainapp.ward", 
        "fields": {
            "city": 1, 
            "name": "Anderlecht", 
            "councillor": 3, 
            "number": 0
        }
    },
    {
        "pk": 2, 
        "model": "mainapp.ward", 
        "fields": {
            "city": 1, 
            "name": "Auderghem", 
            "councillor": 6, 
            "number": 1
        }
    },
    {
        "pk": 3, 
        "model": "mainapp.ward", 
        "fields": {
            "city": 1, 
            "name": "Berchem Ste Agathe", 
            "councillor": 1, 
            "number": 2
        }
    },
    {
        "pk": 4, 
        "model": "mainapp.ward", 
        "fields": {
            "city": 1,
            "name": "Bruxelles", 
            "councillor": 6, 
            "number": 3
        }
    }, 
    {
        "pk": 5, 
        "model": "mainapp.ward", 
        "fields": {
            "city": 1, 
            "name": "Etterbeek", 
            "councillor": 1, 
            "number": 4
        }
    }, 
    {
        "pk": 6, 
        "model": "mainapp.ward", 
        "fields": {
            "city": 1, 
            "name": "Evere", 
            "councillor": 1, 
            "number": 5
        }
    }, 
    {
        "pk": 7, 
        "model": "mainapp.ward", 
        "fields": {
            "city": 1, 
            "name": "Forest", 
            "councillor": 6, 
            "number": 6
        }
    }, 
    {
        "pk": 8, 
        "model": "mainapp.ward", 
        "fields": {
            "city": 1, 
            "name": "Ganshoren", 
            "councillor": 1, 
            "number": 7
        }
    }, 
    {
        "pk": 9, 
        "model": "mainapp.ward", 
        "fields": {
            "city": 1, 
            "name": "Ixelles", 
            "councillor": 1, 
            "number": 8
        }
    }, 
    {
        "pk": 10, 
        "model": "mainapp.ward", 
        "fields": {
            "city": 1, 
            "name": "Jette", 
            "councillor": 5, 
            "number": 9
        }
    }, 
    {
        "pk": 11, 
        "model": "mainapp.ward", 
        "fields": {
            "city": 1, 
            "name": "Koekelberg", 
            "councillor": 1, 
            "number": 10
        }
    }, 
    {
        "pk": 12, 
        "model": "mainapp.ward", 
        "fields": {
            "city": 1, 
            "name": "Molenbeek St Jean", 
            "councillor": 1, 
            "number": 11
        }
    }, 
    {
        "pk": 13, 
        "model": "mainapp.ward", 
        "fields": {
            "city": 1, 
            "name": "Saint-Gilles", 
            "councillor": 4, 
            "number": 12
        }
    }, 
    {
        "pk": 14, 
        "model": "mainapp.ward", 
        "fields": {
            "city": 1, 
            "name": "Saint-Josse ten Noode", 
            "councillor": 6, 
            "number": 13
        }
    }, 
    {
        "pk": 15, 
        "model": "mainapp.ward", 
        "fields": {
            "city": 1, 
            "name": "Schaerbeek", 
            "councillor": 2, 
            "number": 14
        }
    }, 
    {
        "pk": 16, 
        "model": "mainapp.ward", 
        "fields": {
            "city": 1, 
            "name": "Uccle", 
            "councillor": 6, 
            "number": 15
        }
    }, 
    {
        "pk": 17, 
        "model": "mainapp.ward", 
        "fields": {
            "city": 1, 
            "name": "Watermael-Boisfort", 
            "councillor": 6, 
            "number": 16
        }
    }, 
    {
        "pk": 18, 
        "model": "mainapp.ward", 
        "fields": {
            "city": 1, 
            "name": "Woluwe St Lambert", 
            "councillor": 6, 
            "number": 17
        }
    }, 
    {
        "pk": 19, 
        "model": "mainapp.ward", 
        "fields": {
            "city": 1, 
            "name": "Woluwe St Pierre", 
            "councillor":1, 
            "number": 18
        }
    },
    {
        "pk": 1, 
        "model": "mainapp.zipcode", 
        "fields": {
            "ward": 1, 
            "name_fr": "Anderlecht", 
            "name_nl": "Anderlecht", 
            "name_en": "Anderlecht", 
            "hide": false,
            "code": 1070
        }
    },
    {
        "pk": 2, 
        "model": "mainapp.zipcode", 
        "fields": {
            "ward": 2, 
            "name_fr": "Auderghem", 
            "name_nl": "Oudergem", 
            "name_en": "Auderghem", 
            "hide": false,
            "code": 1160
        }
    },
    {
        "pk": 3, 
        "model": "mainapp.zipcode", 
        "fields": {
            "ward": 3, 
            "name_fr": "Berchem Ste Agathe", 
            "name_nl": "Sint-Agatha-Berchem", 
            "name_en": "Berchem Ste Agathe", 
            "hide": false,
            "code": 1082
        }
    },
    {
        "pk": 4, 
        "model": "mainapp.zipcode", 
        "fields": {
            "ward": 4,
            "name_fr": "Bruxelles", 
            "name_nl": "Brussel", 
            "name_en": "Brussels", 
            "hide": false,
            "code": 1000
        }
    }, 
    {
        "pk": 5, 
        "model": "mainapp.zipcode", 
        "fields": {
            "ward": 5, 
            "name_fr": "Etterbeek", 
            "name_nl": "Etterbeek", 
            "name_en": "Etterbeek", 
            "hide": false,
            "code": 1040
        }
    }, 
    {
        "pk": 6, 
        "model": "mainapp.zipcode", 
        "fields": {
            "ward": 6, 
            "name_fr": "Evere", 
            "name_nl": "Evere", 
            "name_en": "Evere", 
            "hide": false,
            "code": 1140
        }
    }, 
    {
        "pk": 7, 
        "model": "mainapp.zipcode", 
        "fields": {
            "ward": 7, 
            "name_fr": "Forest", 
            "name_nl": "Vorst", 
            "name_en": "Forest", 
            "hide": false,
            "code": 1190
        }
    }, 
    {
        "pk": 8, 
        "model": "mainapp.zipcode", 
        "fields": {
            "ward": 8,
            "name_fr": "Ganshoren", 
            "name_nl": "Ganshoren", 
            "name_en": "Ganshoren", 
            "hide": false,
            "code": 1083
        }
    }, 
    {
        "pk": 9, 
        "model": "mainapp.zipcode", 
        "fields": {
            "ward": 9, 
            "name_fr": "Ixelles", 
            "name_nl": "Elsene", 
            "name_en": "Ixelles", 
            "hide": false,
            "code": 1050
        }
    }, 
    {
        "pk": 10, 
        "model": "mainapp.zipcode", 
        "fields": {
            "ward": 10, 
            "name_fr": "Jette", 
            "name_nl": "Jette", 
            "name_en": "Jette", 
            "hide": false,
            "code": 1090
        }
    }, 
    {
        "pk": 11, 
        "model": "mainapp.zipcode", 
        "fields": {
            "ward": 11, 
            "name_fr": "Koekelberg", 
            "name_nl": "Koekelberg", 
            "name_en": "Koekelberg", 
            "hide": false,
            "code": 1081
        }
    }, 
    {
        "pk": 12, 
        "model": "mainapp.zipcode", 
        "fields": {
            "ward": 12, 
            "name_fr": "Molenbeek St Jean", 
            "name_nl": "Sint-Jans-Molenbeek", 
            "name_en": "Molenbeek St Jean", 
            "hide": false,
            "code": 1080
        }
    }, 
    {
        "pk": 13, 
        "model": "mainapp.zipcode", 
        "fields": {
            "ward": 13, 
            "name_fr": "Saint-Gilles", 
            "name_nl": "Sint-Gillis", 
            "name_en": "Saint-Gilles", 
            "hide": false,
            "code": 1060
        }
    }, 
    {
        "pk": 14, 
        "model": "mainapp.zipcode", 
        "fields": {
            "ward": 14, 
            "name_fr": "Saint-Josse ten Noode", 
            "name_nl": "Sint-Joost-ten-Node", 
            "name_en": "Saint-Josse ten Noode", 
            "hide": false,
            "code": 1210
        }
    }, 
    {
        "pk": 15, 
        "model": "mainapp.zipcode", 
        "fields": {
            "ward": 15, 
            "name_fr": "Schaerbeek", 
            "name_nl": "Schaarbeek", 
            "name_en": "Schaerbeek", 
            "hide": false,
            "code": 1030
        }
    }, 
    {
        "pk": 16, 
        "model": "mainapp.zipcode", 
        "fields": {
            "ward": 16, 
            "name_fr": "Uccle", 
            "name_nl": "Ukkel", 
            "name_en": "Uccle", 
            "hide": false,
            "code": 1180
        }
    }, 
    {
        "pk": 17, 
        "model": "mainapp.zipcode", 
        "fields": {
            "ward": 17, 
            "name_fr": "Watermael-Boisfort", 
            "name_nl": "Watermaal-Bosvoorde", 
            "name_en": "Watermael-Boisfort", 
            "hide": false,
            "code": 1170
        }
    }, 
    {
        "pk": 18, 
        "model": "mainapp.zipcode", 
        "fields": {
            "ward": 18, 
            "name_fr": "Woluwe St Lambert", 
            "name_nl": "Sint-Lambrechts-Woluwe", 
            "name_en": "Woluwe St Lambert", 
            "hide": false,
            "code": 1200
        }
    }, 
    {
        "pk": 19, 
        "model": "mainapp.zipcode", 
        "fields": {
            "ward": 19,
            "name_fr": "Woluwe St Pierre", 
            "name_nl": "Sint-Pieters-Woluwe", 
            "name_en": "Woluwe St Pierre", 
            "hide": false,
            "code": 1150
        }
    },
    {
        "pk": 20, 
        "model": "mainapp.zipcode", 
        "fields": {
            "ward": 4,
            "name_fr": "Laeken", 
            "name_nl": "Laeken", 
            "name_en": "Laeken", 
            "hide": false,
            "code": 1020
        }
    },
    {
        "pk": 21, 
        "model": "mainapp.zipcode", 
        "fields": {
            "ward": 4,
            "name_fr": "Neder-over-Heembeek", 
            "name_nl": "Neder-over-Heembeek", 
            "name_en": "Neder-over-Heembeek", 
            "hide": false,
            "code": 1120
        }
    },
    {
        "pk": 22, 
        "model": "mainapp.zipcode", 
        "fields": {
            "ward": 4,
            "name_fr": "Haren", 
            "name_nl": "Haren", 
            "name_en": "Haren", 
            "hide": false,
            "code": 1130
        }
    },
    {
        "pk": 23, 
        "model": "mainapp.zipcode", 
        "fields": {
            "ward": 4,
            "name_fr": "", 
            "name_nl": "", 
            "name_en": "", 
            "hide": true,
            "code": 1031
        }
    },
    {
        "pk": 24, 
        "model": "mainapp.zipcode", 
        "fields": {
            "ward": 4,
            "name_fr": "", 
            "name_nl": "", 
            "name_en": "", 
            "hide": true,
            "code": 1071
        }
    },
    {
        "pk": 25, 
        "model": "mainapp.zipcode", 
        "fields": {
            "ward": 4,
            "name_fr": "", 
            "name_nl": "", 
            "name_en": "", 
            "hide": true,
            "code": 1051
        }
    },
    {
        "pk": 26, 
        "model": "mainapp.zipcode", 
        "fields": {
            "ward": 4,
            "name_fr": "", 
            "name_nl": "", 
            "name_en": "", 
            "hide": true,
            "code": 1041
        }
    },
    {
        "pk": 1, 
        "model": "mainapp.reportcategoryclass", 
        "fields": {
            "name_en": "Grafitti", 
            "name_nl": "Grafitti", 
            "name_fr": "Grafitti"
        }
    }, 
    {
        "pk": 2, 
        "model": "mainapp.reportcategoryclass", 
        "fields": {
            "name_en": "Parks", 
            "name_nl": "Parks", 
            "name_fr": "Espaces verts"
        }
    }, 
    {
        "pk": 3, 
        "model": "mainapp.reportcategoryclass", 
        "fields": {
            "name_en": "Roads/Sidewalks/Pathways", 
            "name_nl": "Roads/Sidewalks/Pathways", 
            "name_fr": "Voie public"
        }
    }, 
    {
        "pk": 4, 
        "model": "mainapp.reportcategoryclass", 
        "fields": {
            "name_en": "Traffic Signals", 
            "name_nl": "Traffic Signals", 
            "name_fr": "Feux de circulation"
        }
    }, 
    {
        "pk": 5, 
        "model": "mainapp.reportcategoryclass", 
        "fields": {
            "name_en": "Trees", 
            "name_nl": "Trees", 
            "name_fr": "Nature en ville"
        }
    }, 
    {
        "pk": 1, 
        "model": "mainapp.reportcategory", 
        "fields": {
            "name_en": "Broken or Damaged Equipment/Play Structures", 
            "name_fr": "D\u00e9terioration de structures public", 
            "name_nl": "Broken or Damaged Equipment/Play Structures", 
            "hint_en": "Please provide the location within the park where the problem is located (e.g. near the play structure; along the pathway that runs from the south end of the park to the neighbouring school; beside the water fountain near the east parking lot). Please provide the name or address of the park if possible.", 
            "hint_fr": "S'il vous pla\u00eet fournir une description de l'emplacement du probl\u00e8me par exemple, pr\u00e8s de la structure de jeux, le long de la voie qui passe de l'extr\u00e9mit\u00e9 sud du parc \u00e0 l'\u00e9cole voisine, \u00e0 c\u00f4t\u00e9 de la \r\nfontaine d'eau au cot\u00e9 est du terrain de stationnement). S'il vous pla\u00eet nous fournir le nom ou \r\nl'adresse du parc si possible. ", 
            "hint_nl": "Please provide the location within the park where the problem is located (e.g. near the play structure; along the pathway that runs from the south end of the park to the neighbouring school; beside the water fountain near the east parking lot). Please provide the name or address of the park if possible.", 
            "category_class": 2
        }
    }, 
    {
        "pk": 2, 
        "model": "mainapp.reportcategory", 
        "fields": {
            "name_en": "Full or Overflowing Garbage Cans", 
            "name_fr": "Poubelles débordantes", 
            "name_nl": "Full or Overflowing Garbage Cans", 
            "hint_en": "Please provide the location within the park where the problem is located (e.g. near the play structure; along the pathway that runs from the south end of the park to the neighbouring school; beside the water fountain near the east parking lot). Please provide the name or address of the park if possible.", 
            "hint_fr": "S'il vous pla\u00eet fournir une description de l'emplacement du probl\u00e8me par exemple, pr\u00e8s de la structure de jeux, le long de la voie qui passe de l'extr\u00e9mit\u00e9 sud du parc \u00e0 l'\u00e9cole voisine, \u00e0 c\u00f4t\u00e9 de la \r\nfontaine d'eau au cot\u00e9 est du terrain de stationnement). S'il vous pla\u00eet nous fournir le nom ou \r\nl'adresse du parc si possible. ", 
            "hint_nl": "Please provide the location within the park where the problem is located (e.g. near the play structure; along the pathway that runs from the south end of the park to the neighbouring school; beside the water fountain near the east parking lot). Please provide the name or address of the park if possible.", 
            "category_class": 2
        }
    },
    {
        "pk": 3, 
        "model": "mainapp.reportcategory", 
        "fields": {
            "name_en": "Lights Malfunctioning in Park", 
            "name_fr": "Eclairage public d\u00e9fectueux", 
            "name_nl": "Lights Malfunctioning in Park", 
            "hint_en": "Please provide the location within the park where the problem is located (e.g. near the play structure; along the pathway that runs from the south end of the park to the neighbouring school; beside the water fountain near the east parking lot). Please provide the name or address of the park if possible.", 
            "hint_fr": "S'il vous pla\u00eet fournir une description de l'emplacement du probl\u00e8me par exemple, pr\u00e8s de la structure de jeux, le long de la voie qui passe de l'extr\u00e9mit\u00e9 sud du parc \u00e0 l'\u00e9cole voisine, \u00e0 c\u00f4t\u00e9 de la \r\nfontaine d'eau au cot\u00e9 est du terrain de stationnement). S'il vous pla\u00eet nous fournir le nom ou \r\nl'adresse du parc si possible. ", 
            "hint_nl": "Please provide the location within the park where the problem is located (e.g. near the play structure; along the pathway that runs from the south end of the park to the neighbouring school; beside the water fountain near the east parking lot). Please provide the name or address of the park if possible.", 
            "category_class": 2
        }
    }, 
    {
        "pk": 4, 
        "model": "mainapp.reportcategory", 
        "fields": {
            "name_en": "Debris or Litter in Park", 
            "name_fr": "Ordure, débris et décheterie sauvage", 
            "name_nl": "Debris or Litter in Park", 
            "hint_en": "Please provide the location within the park where the problem is located (e.g. near the play structure; along the pathway that runs from the south end of the park to the neighbouring school; beside the water fountain near the east parking lot). Please provide the name or address of the park if possible.", 
            "hint_fr": "S'il vous pla\u00eet fournir une description de l'emplacement du probl\u00e8me par exemple, pr\u00e8s de la structure de jeux, le long de la voie qui passe de l'extr\u00e9mit\u00e9 sud du parc \u00e0 l'\u00e9cole voisine, \u00e0 c\u00f4t\u00e9 de la \r\nfontaine d'eau au cot\u00e9 est du terrain de stationnement). S'il vous pla\u00eet nous fournir le nom ou \r\nl'adresse du parc si possible. ", 
            "hint_nl": "Please provide the location within the park where the problem is located (e.g. near the play structure; along the pathway that runs from the south end of the park to the neighbouring school; beside the water fountain near the east parking lot). Please provide the name or address of the park if possible.", 
            "category_class": 2
        }
    }, 
    {
        "pk": 5, 
        "model": "mainapp.reportcategory", 
        "fields": {
            "name_en": "Graffiti On City Property", 
            "name_fr": "Graffiti sur batiments publique", 
            "name_nl": "Graffiti On City Property", 
            "hint_en": "Please note as much information regarding the location and type of graffiti as you can. ", 
            "hint_fr": "S'il vous pla\u00eet noter le plus d'informations concernant l'emplacement et le type de graffiti. Si elle se trouve sur un boitier, qu'elle est la couleur de \r\nla bo\u00eete? (verte, brune, rouge, etc ..), et de quel c\u00f4t\u00e9 de la rue se trouve ce boitier. \r\n", 
            "hint_nl": "Please note as much information regarding the location and type of graffiti as you can. ", 
            "category_class": 1
        }
    }, 
    {
        "pk": 6, 
        "model": "mainapp.reportcategory", 
        "fields": {
            "name_en": "Graffiti on Private Property", 
            "name_fr": "Graffiti sur les propri\u00e9t\u00e9s priv\u00e9es", 
            "name_nl": "Graffiti on Private Property", 
            "hint_en": "Please note as much information regarding the location and type of graffiti as you can. For example, if it is found on a utility box, what colour is the box? (green, brown, red, etc...), does it indicate the company that owns it? (Rogers, Bell, Canada Post, Hydro), and which side of the street is it on.", 
            "hint_fr": "S'il vous pla\u00eet noter le plus d'informations concernant l'emplacement et le type de graffiti. Par exemple, si elle se trouve sur un boitier, \r\nquelle couleur est la bo\u00eete? (verte, brune, rouge, etc ..), et de\r\nde quel c\u00f4t\u00e9 de la rue ce trouve ce boitier.", 
            "hint_nl": "Please note as much information regarding the location and type of graffiti as you can. For example, if it is found on a utility box, what colour is the box? (green, brown, red, etc...), does it indicate the company that owns it? (Rogers, Bell, Canada Post, Hydro), and which side of the street is it on.", 
            "category_class": 1
        }
    }, 
    {
        "pk": 7, 
        "model": "mainapp.reportcategory", 
        "fields": {
            "name_en": "Graffiti  on Utility Boxes/Transformers/Mailboxes, etc..", 
            "name_fr": "Graffiti sur les structures urbaines", 
            "name_nl": "Graffiti  on Utility Boxes/Transformers/Mailboxes, etc..", 
            "hint_en": "Please note as much information regarding the location and type of graffiti as you can. If it is found on a utility box, what colour is the box? (green, brown, red, etc...), does it indicate the company that owns it? (Rogers, Bell, Canada Post, Hydro), and which side of the street is it on.", 
            "hint_fr": "S'il vous pla\u00eet noter le plus d'informations concernant l'emplacement et le type de graffiti. Si elle se trouve sur un boitier de services publiques, qu'elle est la couleur de \r\nla bo\u00eete? (verte, brune, rouge, etc ..), qu'elle est le propri\u00e9taire de la bo\u00eete? (Rogers, Bell, Postes Canada, Hydro), et de quel c\u00f4t\u00e9 de la rue se trouve ce boitier. ", 
            "hint_nl": "Please note as much information regarding the location and type of graffiti as you can. If it is found on a utility box, what colour is the box? (green, brown, red, etc...), does it indicate the company that owns it? (Rogers, Bell, Canada Post, Hydro), and which side of the street is it on.", 
            "category_class": 1
        }
    }, 
    {
        "pk": 8, 
        "model": "mainapp.reportcategory", 
        "fields": {
            "name_en": "Blocked or damaged Catch basin / Manhole", 
            "name_fr": "Bouches d'\u00e9gout obstru\u00e9s ou endommag\u00e9s", 
            "name_nl": "Blocked or damaged Catch basin / Manhole", 
            "hint_en": "Please be as detailed as possible in describing the location of the problem. For example, the 3rd catch basin along Laurier Avenue W, east of Elgin Street; the curb in front of 110 Laurier Ave W on the north side of the road; bus shelter 1234 on Innes Road). Indicating the shape of the catch basin or manhole cover will be very helpful.", 
            "hint_fr": "S'il vous pla\u00eet \u00eatre aussi d\u00e9taill\u00e9es que possible dans la description de l'emplacement de la \r\nprobl\u00e8me. Par exemple, le 3\u00e8me bassin de long, avenue Laurier Ouest, \u00e0 l'est \r\nde la rue Elgin; le trottoir en face du 110, avenue Laurier ouest, au nord \r\nc\u00f4t\u00e9 de la route; abribus 1234 sur le chemin Innes). Indication de la \r\nforme du bassin ou couvercle sera tr\u00e8s utile. \r\n", 
            "hint_nl": "Please be as detailed as possible in describing the location of the problem. For example, the 3rd catch basin along Laurier Avenue W, east of Elgin Street; the curb in front of 110 Laurier Ave W on the north side of the road; bus shelter 1234 on Innes Road). Indicating the shape of the catch basin or manhole cover will be very helpful.", 
            "category_class": 3
        }
    }, 
    {
        "pk": 9, 
        "model": "mainapp.reportcategory", 
        "fields": {
            "name_en": "Pothole", 
            "name_fr": "Nid-de-poule", 
            "name_nl": "Pothole", 
            "hint_en": "Please be as detailed as possible in describing the location of the problem. For example, the 3rd catch basin along Laurier Avenue W, east of Elgin Street; the curb in front of 110 Laurier Ave W on the north side of the road; bus shelter 1234 on Innes Road).", 
            "hint_fr": "S'il vous pla\u00eet \u00eatre aussi d\u00e9taill\u00e9es que possible dans la description de l'emplacement de la \r\nprobl\u00e8me. Par exemple, le trottoir en face du 110, avenue Laurier ouest, au  \r\nc\u00f4t\u00e9 nord de la route; abribus 1234 sur le chemin Innes). \r\n", 
            "hint_nl": "Please be as detailed as possible in describing the location of the problem. For example, the 3rd catch basin along Laurier Avenue W, east of Elgin Street; the curb in front of 110 Laurier Ave W on the north side of the road; bus shelter 1234 on Innes Road).", 
            "category_class": 3
        }
    }, 
    {
        "pk": 10, 
        "model": "mainapp.reportcategory", 
        "fields": {
            "name_en": "Damaged Curb", 
            "name_fr": "Bord de trottoir endommag\u00e9", 
            "name_nl": "Damaged Curb", 
            "hint_en": "Please be as detailed as possible in describing the location of the problem. For example, the 3rd catch basin along Laurier Avenue W, east of Elgin Street; the curb in front of 110 Laurier Ave W on the north side of the road; bus shelter 1234 on Innes Road).", 
            "hint_fr": "S'il vous pla\u00eet essayer d'\u00eatre aussi d\u00e9taill\u00e9 que possible dans la description de l'emplacement du probl\u00e8me. Par exemple, le 3\u00e8me bassin de long, avenue Laurier Ouest, \u00e0 l'est \r\nde la rue Elgin; le trottoir en face du 110, avenue Laurier ouest, au nord \r\nc\u00f4t\u00e9 de la route; abribus 1234 sur le chemin Innes). \r\n", 
            "hint_nl": "Please be as detailed as possible in describing the location of the problem. For example, the 3rd catch basin along Laurier Avenue W, east of Elgin Street; the curb in front of 110 Laurier Ave W on the north side of the road; bus shelter 1234 on Innes Road).", 
            "category_class": 3
        }
    }, 
    {
        "pk": 11, 
        "model": "mainapp.reportcategory", 
        "fields": {
            "name_en": "Debris or Litter on Road/Sidewalk/Pathway", 
            "name_fr": "D\u00e9bris ou excr\u00e9ment sur la voie public", 
            "name_nl": "Debris or Litter on Road/Sidewalk/Pathway", 
            "hint_en": "Please be as detailed as possible in describing the location of the problem. For example, the 3rd catch basin along Laurier Avenue W, east of Elgin Street; the curb in front of 110 Laurier Ave W on the north side of the road; bus shelter 1234 on Innes Road).", 
            "hint_fr": "S'il vous pla\u00eet \u00eatre aussi d\u00e9taill\u00e9es que possible dans la description de l'emplacement de la \r\nprobl\u00e8me. Par exemple, le trottoir en face du 110, avenue Laurier ouest, au c\u00f4t\u00e9 nord de la route; abribus 1234 sur le chemin Innes). ", 
            "hint_nl": "Please be as detailed as possible in describing the location of the problem. For example, the 3rd catch basin along Laurier Avenue W, east of Elgin Street; the curb in front of 110 Laurier Ave W on the north side of the road; bus shelter 1234 on Innes Road).", 
            "category_class": 3
        }
    }, 
    {
        "pk": 12, 
        "model": "mainapp.reportcategory", 
        "fields": {
            "name_en": "Blocked or Damaged Culvert", 
            "name_fr": "Caniveau bloqu\u00e9s ou endommag\u00e9s", 
            "name_nl": "Blocked or Damaged Culvert", 
            "hint_en": "Please be as detailed as possible in describing the location of the problem. For example, the 3rd catch basin along Laurier Avenue W, east of Elgin Street; the curb in front of 110 Laurier Ave W on the north side of the road; bus shelter 1234 on Innes Road). ", 
            "hint_fr": "S'il vous pla\u00eet essayer d'\u00eatre aussi d\u00e9taill\u00e9 que possible dans la description de l'emplacement du\r\nprobl\u00e8me. Par exemple, le 3\u00e8me bassin de long, avenue Laurier Ouest, \u00e0 l'est \r\nde la rue Elgin; le trottoir en face du 110, avenue Laurier ouest, au nord \r\nc\u00f4t\u00e9 de la route; abribus 1234 sur le chemin Innes). ", 
            "hint_nl": "Please be as detailed as possible in describing the location of the problem. For example, the 3rd catch basin along Laurier Avenue W, east of Elgin Street; the curb in front of 110 Laurier Ave W on the north side of the road; bus shelter 1234 on Innes Road). ", 
            "category_class": 3
        }
    }, 
    {
        "pk": 13, 
        "model": "mainapp.reportcategory", 
        "fields": {
            "name_en": "Damaged Guardrails", 
            "name_fr": "Garde-corps endommag\u00e9s", 
            "name_nl": "Damaged Guardrails", 
            "hint_en": "Please be as detailed as possible in describing the location of the problem. For example, the 3rd catch basin along Laurier Avenue W, east of Elgin Street; the curb in front of 110 Laurier Ave W on the north side of the road; bus shelter 1234 on Innes Road).", 
            "hint_fr": "S'il vous pla\u00eet essayer d'\u00eatre aussi d\u00e9taill\u00e9 que possible dans la description de l'emplacement du \r\nprobl\u00e8me. Par exemple, le trottoir en face du 110, avenue Laurier ouest, au nord \r\nc\u00f4t\u00e9 de la route; abribus 1234 sur le chemin Innes). ", 
            "hint_nl": "Please be as detailed as possible in describing the location of the problem. For example, the 3rd catch basin along Laurier Avenue W, east of Elgin Street; the curb in front of 110 Laurier Ave W on the north side of the road; bus shelter 1234 on Innes Road).", 
            "category_class": 3
        }
    }, 
    {
        "pk": 14, 
        "model": "mainapp.reportcategory", 
        "fields": {
            "name_en": "Full or Overflowing Garbage Cans", 
            "name_fr": "Poubelles d\u00e9bordentes", 
            "name_nl": "Full or Overflowing Garbage Cans", 
            "hint_en": "Please be as detailed as possible in describing the location of the problem. For example, the 3rd catch basin along Laurier Avenue W, east of Elgin Street; the curb in front of 110 Laurier Ave W on the north side of the road; bus shelter 1234 on Innes Road).", 
            "hint_fr": "S'il vous pla\u00eet essayer d'\u00eatre aussi d\u00e9taill\u00e9 que possible dans la description de l'emplacement du \r\nprobl\u00e8me. Par exemple, le trottoir en face du 110, avenue Laurier ouest, au\r\nc\u00f4t\u00e9 nord de la route; abribus 1234 sur le chemin Innes). ", 
            "hint_nl": "Please be as detailed as possible in describing the location of the problem. For example, the 3rd catch basin along Laurier Avenue W, east of Elgin Street; the curb in front of 110 Laurier Ave W on the north side of the road; bus shelter 1234 on Innes Road).", 
            "category_class": 3
        }
    }, 
    {
        "pk": 15, 
        "model": "mainapp.reportcategory", 
        "fields": {
            "name_en": "Bus Shelter Damaged", 
            "name_fr": "Abribus endommag\u00e9", 
            "name_nl": "Bus Shelter Damaged", 
            "hint_en": "Please be as detailed as possible in describing the location of the problem. For example, the 3rd catch basin along Laurier Avenue W, east of Elgin Street; the curb in front of 110 Laurier Ave W on the north side of the road; bus shelter 1234 on Innes Road). ", 
            "hint_fr": "S'il vous pla\u00eet essayer d'\u00eatre aussi d\u00e9taill\u00e9 que possible dans la description de l'emplacement du \r\nprobl\u00e8me. Par exemple, le trottoir en face du 110, avenue Laurier ouest, au c\u00f4t\u00e9 nord de la route; abribus 1234 sur le chemin Innes). ", 
            "hint_nl": "Please be as detailed as possible in describing the location of the problem. For example, the 3rd catch basin along Laurier Avenue W, east of Elgin Street; the curb in front of 110 Laurier Ave W on the north side of the road; bus shelter 1234 on Innes Road). ", 
            "category_class": 3
        }
    }, 
    {
        "pk": 16, 
        "model": "mainapp.reportcategory", 
        "fields": {
            "name_en": "Debris/Litter in Bus Shelter", 
            "name_fr": "D\u00e9bris / d\u00e9chets dans les abris bus", 
            "name_nl": "Debris/Litter in Bus Shelter", 
            "hint_en": "Please be as detailed as possible in describing the location of the problem. For example, the 3rd catch basin along Laurier Avenue W, east of Elgin Street; the curb in front of 110 Laurier Ave W on the north side of the road; bus shelter 1234 on Innes Road).", 
            "hint_fr": "S'il vous pla\u00eet essayer d'\u00eatre aussi d\u00e9taill\u00e9 que possible dans la description de l'emplacement du probl\u00e8me. Par exemple,  le trottoir en face du 110, avenue Laurier ouest, au c\u00f4t\u00e9 nord de la route; abribus 1234 sur le chemin Innes. ", 
            "hint_nl": "Please be as detailed as possible in describing the location of the problem. For example, the 3rd catch basin along Laurier Avenue W, east of Elgin Street; the curb in front of 110 Laurier Ave W on the north side of the road; bus shelter 1234 on Innes Road).", 
            "category_class": 3
        }
    },
    {
        "pk": 17, 
        "model": "mainapp.reportcategory", 
        "fields": {
            "name_en": "Street Lights Out or Malfunctioning", 
            "name_fr": "Feux de circulation d\u00e9fectueux", 
            "name_nl": "Street Lights Out or Malfunctioning",
            "hint_en": "Please try to be as detailed as possible in describing the location of the problem. For example, \"the 4th street light along Trail Side Circle, east of Valin Street\".", 
            "hint_fr": "S'il vous pla\u00eet essayer d'\u00eatre aussi d\u00e9taill\u00e9es que possible dans la description de l'emplacement du probl\u00e8me. Par exemple, \"la 4\u00e8me lumi\u00e8re sur la rue Garnier \u00e0 l'est de la rue Champlain. ", 
            "hint_nl": "Please try to be as detailed as possible in describing the location of the problem. For example, \"the 4th street light along Trail Side Circle, east of Valin Street\".", 
            "category_class": 4
        }
    }, 
    {
        "pk": 18, 
        "model": "mainapp.reportcategory", 
        "fields": {
            "name_en": "Faded/Damaged/Missing Pavement Markings", 
            "name_fr": "Marques au sol non visible", 
            "name_nl": "Faded/Damaged/Missing Pavement Markings", 
            "hint_en": "Please try to be as detailed as possible in describing the location of the problem. For example, \"the yellow sign with black bars across it; the solid yellow line on the pavement\".", 
            "hint_fr": "S'il vous pla\u00eet essayer d'\u00eatre aussi d\u00e9taill\u00e9 que possible dans la description de l'emplacement du probl\u00e8me. Par exemple, \"le panneau jaune avec des barres noires en travers; la ligne jaune sur la chauss\u00e9e\"", 
            "hint_nl": "Please try to be as detailed as possible in describing the location of the problem. For example, \"the yellow sign with black bars across it; the solid yellow line on the pavement\".", 
            "category_class": 4
        }
    },
    {
        "pk": 19, 
        "model": "mainapp.reportcategory", 
        "fields": {
            "name_en": "Bent/Damaged/Missing Street Signs", 
            "name_fr": "panneaux de circulation endomag\u00e9s", 
            "name_nl": "Bent/Damaged/Missing Street Signs", 
            "hint_en": "Please try to be as detailed as possible in describing the location of the problem.", 
            "hint_fr": "S'il vous pla\u00eet essayer d'\u00eatre aussi d\u00e9taill\u00e9 que possible dans la description de l'emplacement du probl\u00e8me. ", 
            "hint_nl": "Please try to be as detailed as possible in describing the location of the problem.", 
            "category_class": 4
        }
    },
    {
        "pk": 20, 
        "model": "mainapp.reportcategory", 
        "fields": {
            "name_en": "Branches Blocking Signs or Intersection", 
            "name_fr": "Obstrue les panneaux de circulation", 
            "name_nl": "Branches Blocking Signs or Intersection", 
            "hint_en": "If possible, please specify whether the tree causing the problem is on private property or city property.", 
            "hint_fr": "Si possible, s'il vous pla\u00eet indiquer si l'arbre qui est \u00e0 l'origine du probl\u00e8me est sur une propri\u00e9t\u00e9 priv\u00e9e ou une propri\u00e9t\u00e9 appartenant \u00e0 la ville. ", 
            "hint_nl": "If possible, please specify whether the tree causing the problem is on private property or city property.", 
            "category_class": 5
        }
    }, 
    {
        "pk": 1, 
        "model": "mainapp.faqentry", 
        "fields": {
            "q_fr": "Qui g\u00e8re ce site ?",
            "q_en": "Who Runs This Site?",
            "order": 2,
            "a_fr": "<p>FixMyStreet Bruxelles est maintenu par le CIRB : Centre d’Informatique pour la R\u00e9gion Bruxelloise (<a href='http://www.cirb.irisnet.be'>www.cirb.irisnet.be</a>).</p><p>L'id\u00e9e originale a \u00e9t\u00e9 inspir\u00e9 par <a href='http://mysociety.com'>MySociety's </a> <a href='http://fixmystreet.org'>FixMyStreet</a>, et adapt\u00e9e pour Bruxelles par le CIRB.</p><p>Le projet a \u00e9t\u00e9 r\u00e9alis\u00e9 \u00e0 partir du code open source du projet <a href='fixmystreet.ca'>fixmystreet.ca</a> de <a href='visiblegovernment.ca'>visiblegovernment.ca</a>.</p>", 
            "a_en": "<p>Fix My Street Brussels is maintained by CIBG (<a href='http://www.cirb.irisnet.be'>www.cirb.irisnet.be</a>).</p><p>The original concept was inspired by <a href='http://mysociety.com'>MySociety's</a> <a href='http://fixmystreet.org'>example</a>, which was adapted for Brussels by CIRB</p><p>the project was forked from the open source project fixmystreet.ca by visiblegovernment.ca.</p>"
        }
    },
    {
        "pk": 2, 
        "model": "mainapp.faqentry", 
        "fields": {
            "q_fr": "Pourquoi ma commune n'est-elle pas reprise ?", 
            "q_en": "Why Isn't My Collective Listed?", 
            "order": 3, 
            "a_fr": "<p>FixMyStreet Bruxelles couvre toutes les communes de la R\u00e9gion de Bruxelles-Capitale et toutes les communes de la R\u00e9gion y sont reprises.</p>", 
            "a_en": "<p>FixMyStreet Brussels support only collectives from Brussels, all of them are represented on the site.</p>"
        }
    }, 
    {
        "pk": 3, 
        "model": "mainapp.faqentry", 
        "fields": {
            "q_fr": "Supprimer-vous le contenu ill\u00e9gal ou stupide ?", 
            "q_en": "Do you remove silly or illegal content?", 
            "order": 4, 
            "a_fr": "<p>FixMyStreet Bruxelles n'est pas responsable pour le contenu et la pr\u00e9cision des documents soumis par les utilisateurs. Tous les rapports sont accept\u00e9s avec l'assomption qu'ils ne contiennent pas de contenu ill\u00e9gal, et nous nous r\u00e9servons le droit de supprimer tout les rapports ou les mises \u00e0 jour que nous consid\u00e9rons comme \u00e9tant inappropri\u00e9s une fois averti par un utilisateur du site.", 
            "a_en": "<p>FixMyStreet Brussels is not responsible for the content and accuracy of material submitted by its users. All reports are accepted on the basis that they contain no illegal content, and we reserve the right to remove any problems or updates which we consider to be inappropriate upon being informed by a user of the site.</p>"
        }
    }, 
    {
        "pk": 4, 
        "model": "mainapp.faqentry", 
        "fields": {
            "q_fr": "Qui peut voir mon adresse email ?", 
            "q_en": "Who gets to see my email address?", 
            "order": 5, 
            "a_fr": "<p>Si vous soumettez un rapport, nous transmettons vos coordonn\u00e9es et les d\u00e9tails du probl\u00e8me au contact responsable (communal, r\u00e9gional ou autre) de l’endroit où vous avez localis\u00e9 le probl\u00e8me. Lorsque vous envoyez un rapport ou une mise \u00e0 jour, votre nom est affich\u00e9 sur le site, mais pas votre adresse email.</p><p>Jamais nous ne communiquerons votre adresse email \u00e0 quiconque, \u00e0 moins que nous y soyons oblig\u00e9 par la loi.</p>", 
            "a_en": "<p>If you submit a problem, we pass on your contact details, and details of the problem, to the municipality contact responsible for the area where you located the problem.  When you submit a report or update, your name is displayed upon the site, but not your email address.</p>\r\n<p>We will never give or sell your email address to anyone else, unless we are obliged to by law.</p>\r\n\r\n"
        }
    },
    {
        "pk": 5, 
        "model": "mainapp.faqentry", 
        "fields": {
            "q_fr": "Allez-vous envoyer du spam \u00e0 mon adresse email ?", 
            "q_en": "Will you send spam to my email address?", 
            "order": 6, 
            "a_fr": "<p>Jamais. Nous vous enverrons un email si quelqu'un signale  une mise \u00e0 jour sur un probl\u00e8me que vous avez signal\u00e9, ou auquel vous avez souscrit un abonnement.</p>", 
            "a_en": "<p>Never. We will email you if someone leaves an update on a problem you\u2019ve reported, or subscribed to.  We will also send you a questionnaire email four weeks after you submit a problem, asking for a status update.</p> \r\n<p>We\u2019ll only ever send you emails in relation to problems you have reported or subscribed to.</p>\r\n"
        }
    }
]
