[
    {
        "pk": 1, 
        "model": "sites.site", 
        "fields": {
            "domain": "example.com", 
            "name": "example.com"
        }
    }, 
    {
        "pk": 1, 
        "model": "mainapp.province", 
        "fields": {
            "abbrev": "BXL", 
            "name": "Region de Bruxelles-Capitale"
        }
    }, 
    {
        "pk": 1, 
        "model": "mainapp.city", 
        "fields": {
            "name": "Bruxelles",
            "province": 1,
            "email": "jsanchezpando@cirb.irisnet.be"
        }
    }, 
        {
        "pk": 1, 
        "model": "mainapp.councillor", 
        "fields": {
            "first_name": "jonathan", 
            "last_name": "Sanchez", 
            "email": "jsanchezpando@cirb.irisnet.be"
        }
    }, 
    {
        "pk": 2, 
        "model": "mainapp.councillor", 
        "fields": {
            "first_name": "Bob", 
            "last_name": "Barley", 
            "email": "jsanchezpando@cirb.irisnet.be"
        }
    }, 
    {
        "pk": 3, 
        "model": "mainapp.councillor", 
        "fields": {
            "first_name": "Carol ", 
            "last_name": "Cumberland", 
            "email": "jsanchezpando@cirb.irisnet.be"
        }
    }, 
    {
        "pk": 4, 
        "model": "mainapp.councillor", 
        "fields": {
            "first_name": "David ", 
            "last_name": "Dodds", 
            "email": "jsanchezpando@cirb.irisnet.be"
        }
    }, 
    {
        "pk": 5, 
        "model": "mainapp.councillor", 
        "fields": {
            "first_name": "Edward", 
            "last_name": " Eldridge", 
            "email": "jsanchezpando@cirb.irisnet.be"
        }
    }, 
 
    {
        "pk": 6, 
        "model": "mainapp.councillor", 
        "fields": {
            "first_name": "Fred ", 
            "last_name": "Flanahan", 
            "email": "jsanchezpando@cirb.irisnet.be"
        }
    }, 
    {
        "pk": 1, 
        "model": "mainapp.ward", 
        "fields": {
            "city": 1, 
            "name": "Anderlecht", 
            "councillor": 3, 
            "number": 0
        }
    },
    {
        "pk": 2, 
        "model": "mainapp.ward", 
        "fields": {
            "city": 1, 
            "name": "Auderghem", 
            "councillor": 6, 
            "number": 1
        }
    },
    {
        "pk": 3, 
        "model": "mainapp.ward", 
        "fields": {
            "city": 1, 
            "name": "Berchem Ste Agathe", 
            "councillor": 1, 
            "number": 2
        }
    },
    {
        "pk": 4, 
        "model": "mainapp.ward", 
        "fields": {
            "city": 1,
            "name": "Bruxelles", 
            "councillor": 6, 
            "number": 3
        }
    }, 
    {
        "pk": 5, 
        "model": "mainapp.ward", 
        "fields": {
            "city": 1, 
            "name": "Etterbeek", 
            "councillor": 1, 
            "number": 4
        }
    }, 
    {
        "pk": 6, 
        "model": "mainapp.ward", 
        "fields": {
            "city": 1, 
            "name": "Evere", 
            "councillor": 1, 
            "number": 5
        }
    }, 
    {
        "pk": 7, 
        "model": "mainapp.ward", 
        "fields": {
            "city": 1, 
            "name": "Forest", 
            "councillor": 6, 
            "number": 6
        }
    }, 
    {
        "pk": 8, 
        "model": "mainapp.ward", 
        "fields": {
            "city": 1, 
            "name": "Ganshoren", 
            "councillor": 1, 
            "number": 7
        }
    }, 
    {
        "pk": 9, 
        "model": "mainapp.ward", 
        "fields": {
            "city": 1, 
            "name": "Ixelles", 
            "councillor": 1, 
            "number": 8
        }
    }, 
    {
        "pk": 10, 
        "model": "mainapp.ward", 
        "fields": {
            "city": 1, 
            "name": "Jette", 
            "councillor": 5, 
            "number": 9
        }
    }, 
    {
        "pk": 11, 
        "model": "mainapp.ward", 
        "fields": {
            "city": 1, 
            "name": "Koekelberg", 
            "councillor": 1, 
            "number": 10
        }
    }, 
    {
        "pk": 12, 
        "model": "mainapp.ward", 
        "fields": {
            "city": 1, 
            "name": "Molenbeek St Jean", 
            "councillor": 1, 
            "number": 11
        }
    }, 
    {
        "pk": 13, 
        "model": "mainapp.ward", 
        "fields": {
            "city": 1, 
            "name": "Saint-Gilles", 
            "councillor": 4, 
            "number": 12
        }
    }, 
    {
        "pk": 14, 
        "model": "mainapp.ward", 
        "fields": {
            "city": 1, 
            "name": "Saint-Josse ten Noode", 
            "councillor": 6, 
            "number": 13
        }
    }, 
    {
        "pk": 15, 
        "model": "mainapp.ward", 
        "fields": {
            "city": 1, 
            "name": "Schaerbeek", 
            "councillor": 2, 
            "number": 14
        }
    }, 
    {
        "pk": 16, 
        "model": "mainapp.ward", 
        "fields": {
            "city": 1, 
            "name": "Uccle", 
            "councillor": 6, 
            "number": 15
        }
    }, 
    {
        "pk": 17, 
        "model": "mainapp.ward", 
        "fields": {
            "city": 1, 
            "name": "Watermael-Boisfort", 
            "councillor": 6, 
            "number": 16
        }
    }, 
    {
        "pk": 18, 
        "model": "mainapp.ward", 
        "fields": {
            "city": 1, 
            "name": "Woluwe St Lambert", 
            "councillor": 6, 
            "number": 17
        }
    }, 
    {
        "pk": 19, 
        "model": "mainapp.ward", 
        "fields": {
            "city": 1, 
            "name": "Woluwe St Pierre", 
            "councillor":1, 
            "number": 18
        }
    },
    {
        "pk": 1, 
        "model": "mainapp.zipcode", 
        "fields": {
            "ward": 1, 
            "code": 1070
        }
    },
    {
        "pk": 2, 
        "model": "mainapp.zipcode", 
        "fields": {
            "ward": 2, 
            "code": 1160
        }
    },
    {
        "pk": 3, 
        "model": "mainapp.zipcode", 
        "fields": {
            "ward": 3, 
            "code": 1082
        }
    },
    {
        "pk": 4, 
        "model": "mainapp.zipcode", 
        "fields": {
            "ward": 4,
            "code": 1000
        }
    }, 
    {
        "pk": 5, 
        "model": "mainapp.zipcode", 
        "fields": {
            "ward": 5, 
            "code": 1040
        }
    }, 
    {
        "pk": 6, 
        "model": "mainapp.zipcode", 
        "fields": {
            "ward": 6, 
            "code": 1140
        }
    }, 
    {
        "pk": 7, 
        "model": "mainapp.zipcode", 
        "fields": {
            "ward": 7, 
            "code": 1190
        }
    }, 
    {
        "pk": 8, 
        "model": "mainapp.zipcode", 
        "fields": {
            "ward": 8,
            "code": 1083
        }
    }, 
    {
        "pk": 9, 
        "model": "mainapp.zipcode", 
        "fields": {
            "ward": 9, 
            "code": 1050
        }
    }, 
    {
        "pk": 10, 
        "model": "mainapp.zipcode", 
        "fields": {
            "ward": 10, 
            "code": 1090
        }
    }, 
    {
        "pk": 11, 
        "model": "mainapp.zipcode", 
        "fields": {
            "ward": 11, 
            "code": 1081
        }
    }, 
    {
        "pk": 12, 
        "model": "mainapp.zipcode", 
        "fields": {
            "ward": 12, 
            "code": 1080
        }
    }, 
    {
        "pk": 13, 
        "model": "mainapp.zipcode", 
        "fields": {
            "ward": 13, 
            "code": 1060
        }
    }, 
    {
        "pk": 14, 
        "model": "mainapp.zipcode", 
        "fields": {
            "ward": 14, 
            "code": 1210
        }
    }, 
    {
        "pk": 15, 
        "model": "mainapp.zipcode", 
        "fields": {
            "ward": 15, 
            "code": 1030
        }
    }, 
    {
        "pk": 16, 
        "model": "mainapp.zipcode", 
        "fields": {
            "ward": 16, 
            "code": 1180
        }
    }, 
    {
        "pk": 17, 
        "model": "mainapp.zipcode", 
        "fields": {
            "ward": 17, 
            "code": 1170
        }
    }, 
    {
        "pk": 18, 
        "model": "mainapp.zipcode", 
        "fields": {
            "ward": 18, 
            "code": 1200
        }
    }, 
    {
        "pk": 19, 
        "model": "mainapp.zipcode", 
        "fields": {
            "ward": 19,
            "code": 1150
        }
    },
    {
        "pk": 20, 
        "model": "mainapp.zipcode", 
        "fields": {
            "ward": 4,
            "code": 1020
        }
    },
    {
        "pk": 21, 
        "model": "mainapp.zipcode", 
        "fields": {
            "ward": 4,
            "code": 1120
        }
    },
    {
        "pk": 22, 
        "model": "mainapp.zipcode", 
        "fields": {
            "ward": 4,
            "code": 1130
        }
    },
    {
        "pk": 1, 
        "model": "mainapp.reportcategoryclass", 
        "fields": {
            "name_en": "Grafitti", 
            "name_fr": "Grafitti"
        }
    }, 
    {
        "pk": 5, 
        "model": "mainapp.reportcategoryclass", 
        "fields": {
            "name_en": "Trees", 
            "name_fr": "Arbres"
        }
    }, 
    {
        "pk": 3, 
        "model": "mainapp.reportcategoryclass", 
        "fields": {
            "name_en": "Roads/Sidewalks/Pathways", 
            "name_fr": "Rues/Troittoirs"
        }
    }, 
    {
        "pk": 2, 
        "model": "mainapp.reportcategoryclass", 
        "fields": {
            "name_en": "Parks", 
            "name_fr": "Parcs"
        }
    }, 
    {
        "pk": 4, 
        "model": "mainapp.reportcategoryclass", 
        "fields": {
            "name_en": "Traffic Signals", 
            "name_fr": "Signalement de Trafic"
        }
    }, 
    {
        "pk": 20, 
        "model": "mainapp.reportcategory", 
        "fields": {
            "hint_fr": "Si possible, s'il vous pla\u00eet indiquer si l'arbre qui est \u00e0 l'origine du probl\u00e8me est sur une propri\u00e9t\u00e9 priv\u00e9e ou une propri\u00e9t\u00e9 appartenant \u00e0 la ville. ", 
            "name_en": "Branches Blocking Signs or Intersection", 
            "name_fr": "Branches Bloquant des Enseignes ou une Intersection", 
            "hint_en": "If possible, please specify whether the tree causing the problem is on private property or city property.", 
            "category_class": 5
        }
    }, 
    {
        "pk": 19, 
        "model": "mainapp.reportcategory", 
        "fields": {
            "hint_fr": "S'il vous pla\u00eet essayer d'\u00eatre aussi d\u00e9taill\u00e9 que possible dans la description de l'emplacement du probl\u00e8me. ", 
            "name_en": "Bent/Damaged/Missing Street Signs", 
            "name_fr": "Enseignes Endommag\u00e9es / Manquantes ", 
            "hint_en": "Please try to be as detailed as possible in describing the location of the problem.", 
            "category_class": 4
        }
    }, 
    {
        "pk": 18, 
        "model": "mainapp.reportcategory", 
        "fields": {
            "hint_fr": "S'il vous pla\u00eet essayer d'\u00eatre aussi d\u00e9taill\u00e9 que possible dans la description de l'emplacement du probl\u00e8me. Par exemple, \"le panneau jaune avec des barres noires en travers; la ligne jaune sur la chauss\u00e9e\"", 
            "name_en": "Faded/Damaged/Missing Pavement Markings", 
            "name_fr": "Marques sur la Chauss\u00e9e D\u00e9lav\u00e9es / Endommag\u00e9es / Manquantes", 
            "hint_en": "Please try to be as detailed as possible in describing the location of the problem. For example, \"the yellow sign with black bars across it; the solid yellow line on the pavement\".", 
            "category_class": 4
        }
    }, 
    {
        "pk": 17, 
        "model": "mainapp.reportcategory", 
        "fields": {
            "hint_fr": "S'il vous pla\u00eet essayer d'\u00eatre aussi d\u00e9taill\u00e9es que possible dans la description de l'emplacement du probl\u00e8me. Par exemple, \"la 4\u00e8me lumi\u00e8re sur la rue Garnier \u00e0 l'est de la rue Champlain. ", 
            "name_en": "Street Lights Out or Malfunctioning", 
            "name_fr": "Feux de Circulation \u00c9teintes ou D\u00e9fectueuses ", 
            "hint_en": "Please try to be as detailed as possible in describing the location of the problem. For example, \"the 4th street light along Trail Side Circle, east of Valin Street\".", 
            "category_class": 4
        }
    }, 
    {
        "pk": 16, 
        "model": "mainapp.reportcategory", 
        "fields": {
            "hint_fr": "S'il vous pla\u00eet essayer d'\u00eatre aussi d\u00e9taill\u00e9 que possible dans la description de l'emplacement du probl\u00e8me. Par exemple,  le trottoir en face du 110, avenue Laurier ouest, au c\u00f4t\u00e9 nord de la route; abribus 1234 sur le chemin Innes. ", 
            "name_en": "Debris/Litter in Bus Shelter", 
            "name_fr": "D\u00e9bris / D\u00e9chets dans les Abris d'Autobus ", 
            "hint_en": "Please be as detailed as possible in describing the location of the problem. For example, the 3rd catch basin along Laurier Avenue W, east of Elgin Street; the curb in front of 110 Laurier Ave W on the north side of the road; bus shelter 1234 on Innes Road).", 
            "category_class": 3
        }
    }, 
    {
        "pk": 15, 
        "model": "mainapp.reportcategory", 
        "fields": {
            "hint_fr": "S'il vous pla\u00eet essayer d'\u00eatre aussi d\u00e9taill\u00e9 que possible dans la description de l'emplacement du \r\nprobl\u00e8me. Par exemple, le trottoir en face du 110, avenue Laurier ouest, au c\u00f4t\u00e9 nord de la route; abribus 1234 sur le chemin Innes). ", 
            "name_en": "Bus Shelter Damaged", 
            "name_fr": "Abribus endommag\u00e9 ", 
            "hint_en": "Please be as detailed as possible in describing the location of the problem. For example, the 3rd catch basin along Laurier Avenue W, east of Elgin Street; the curb in front of 110 Laurier Ave W on the north side of the road; bus shelter 1234 on Innes Road). ", 
            "category_class": 3
        }
    }, 
    {
        "pk": 13, 
        "model": "mainapp.reportcategory", 
        "fields": {
            "hint_fr": "S'il vous pla\u00eet essayer d'\u00eatre aussi d\u00e9taill\u00e9 que possible dans la description de l'emplacement du \r\nprobl\u00e8me. Par exemple, le trottoir en face du 110, avenue Laurier ouest, au nord \r\nc\u00f4t\u00e9 de la route; abribus 1234 sur le chemin Innes). ", 
            "name_en": "Damaged Guardrails", 
            "name_fr": "Garde-Fous Endommag\u00e9s ", 
            "hint_en": "Please be as detailed as possible in describing the location of the problem. For example, the 3rd catch basin along Laurier Avenue W, east of Elgin Street; the curb in front of 110 Laurier Ave W on the north side of the road; bus shelter 1234 on Innes Road).", 
            "category_class": 3
        }
    }, 
    {
        "pk": 11, 
        "model": "mainapp.reportcategory", 
        "fields": {
            "hint_fr": "S'il vous pla\u00eet \u00eatre aussi d\u00e9taill\u00e9es que possible dans la description de l'emplacement de la \r\nprobl\u00e8me. Par exemple, le trottoir en face du 110, avenue Laurier ouest, au c\u00f4t\u00e9 nord de la route; abribus 1234 sur le chemin Innes). ", 
            "name_en": "Debris or Litter on Road/Sidewalk/Pathway", 
            "name_fr": "D\u00e9bris ou de la liti\u00e8re sur la route / trottoir / Pathway ", 
            "hint_en": "Please be as detailed as possible in describing the location of the problem. For example, the 3rd catch basin along Laurier Avenue W, east of Elgin Street; the curb in front of 110 Laurier Ave W on the north side of the road; bus shelter 1234 on Innes Road).", 
            "category_class": 3
        }
    }, 
    {
        "pk": 9, 
        "model": "mainapp.reportcategory", 
        "fields": {
            "hint_fr": "S'il vous pla\u00eet \u00eatre aussi d\u00e9taill\u00e9es que possible dans la description de l'emplacement de la \r\nprobl\u00e8me. Par exemple, le trottoir en face du 110, avenue Laurier ouest, au  \r\nc\u00f4t\u00e9 nord de la route; abribus 1234 sur le chemin Innes). \r\n", 
            "name_en": "Pothole", 
            "name_fr": "Nid-de-poule ", 
            "hint_en": "Please be as detailed as possible in describing the location of the problem. For example, the 3rd catch basin along Laurier Avenue W, east of Elgin Street; the curb in front of 110 Laurier Ave W on the north side of the road; bus shelter 1234 on Innes Road).", 
            "category_class": 3
        }
    }, 
    {
        "pk": 7, 
        "model": "mainapp.reportcategory", 
        "fields": {
            "hint_fr": "S'il vous pla\u00eet noter le plus d'informations concernant l'emplacement et le type de graffiti. Si elle se trouve sur un boitier de services publiques, qu'elle est la couleur de \r\nla bo\u00eete? (verte, brune, rouge, etc ..), qu'elle est le propri\u00e9taire de la bo\u00eete? (Rogers, Bell, Postes Canada, Hydro), et de quel c\u00f4t\u00e9 de la rue se trouve ce boitier. ", 
            "name_en": "Graffiti  on Utility Boxes/Transformers/Mailboxes, etc..", 
            "name_fr": "Graffiti sur Boitiers Municipales ou des Services Publiques / Transformateurs / Bo\u00eetes aux Lettres, ", 
            "hint_en": "Please note as much information regarding the location and type of graffiti as you can. If it is found on a utility box, what colour is the box? (green, brown, red, etc...), does it indicate the company that owns it? (Rogers, Bell, Canada Post, Hydro), and which side of the street is it on.", 
            "category_class": 1
        }
    }, 
    {
        "pk": 5, 
        "model": "mainapp.reportcategory", 
        "fields": {
            "hint_fr": "S'il vous pla\u00eet noter le plus d'informations concernant l'emplacement et le type de graffiti. Si elle se trouve sur un boitier, qu'elle est la couleur de \r\nla bo\u00eete? (verte, brune, rouge, etc ..), et de quel c\u00f4t\u00e9 de la rue se trouve ce boitier. \r\n", 
            "name_en": "Graffiti On City Property", 
            "name_fr": "Le Graffiti sur la Propri\u00e9t\u00e9 de la Ville", 
            "hint_en": "Please note as much information regarding the location and type of graffiti as you can. ", 
            "category_class": 1
        }
    }, 
    {
        "pk": 1, 
        "model": "mainapp.reportcategory", 
        "fields": {
            "hint_fr": "S'il vous pla\u00eet fournir une description de l'emplacement du probl\u00e8me par exemple, pr\u00e8s de la structure de jeux, le long de la voie qui passe de l'extr\u00e9mit\u00e9 sud du parc \u00e0 l'\u00e9cole voisine, \u00e0 c\u00f4t\u00e9 de la \r\nfontaine d'eau au cot\u00e9 est du terrain de stationnement). S'il vous pla\u00eet nous fournir le nom ou \r\nl'adresse du parc si possible. ", 
            "name_en": "Broken or Damaged Equipment/Play Structures", 
            "name_fr": "\u00c9quipements ou Structures de Jeux Cass\u00e9s ou Endommag\u00e9s ", 
            "hint_en": "Please provide the location within the park where the problem is located (e.g. near the play structure; along the pathway that runs from the south end of the park to the neighbouring school; beside the water fountain near the east parking lot). Please provide the name or address of the park if possible.", 
            "category_class": 2
        }
    }, 
    {
        "pk": 3, 
        "model": "mainapp.reportcategory", 
        "fields": {
            "hint_fr": "S'il vous pla\u00eet fournir une description de l'emplacement du probl\u00e8me par exemple, pr\u00e8s de la structure de jeux, le long de la voie qui passe de l'extr\u00e9mit\u00e9 sud du parc \u00e0 l'\u00e9cole voisine, \u00e0 c\u00f4t\u00e9 de la \r\nfontaine d'eau au cot\u00e9 est du terrain de stationnement). S'il vous pla\u00eet nous fournir le nom ou \r\nl'adresse du parc si possible. ", 
            "name_en": "Lights Malfunctioning in Park", 
            "name_fr": "Lumi\u00e8res D\u00e9fectueuses dans un Parc ", 
            "hint_en": "Please provide the location within the park where the problem is located (e.g. near the play structure; along the pathway that runs from the south end of the park to the neighbouring school; beside the water fountain near the east parking lot). Please provide the name or address of the park if possible.", 
            "category_class": 2
        }
    }, 
    {
        "pk": 14, 
        "model": "mainapp.reportcategory", 
        "fields": {
            "hint_fr": "S'il vous pla\u00eet essayer d'\u00eatre aussi d\u00e9taill\u00e9 que possible dans la description de l'emplacement du \r\nprobl\u00e8me. Par exemple, le trottoir en face du 110, avenue Laurier ouest, au\r\nc\u00f4t\u00e9 nord de la route; abribus 1234 sur le chemin Innes). ", 
            "name_en": "Full or Overflowing Garbage Cans", 
            "name_fr": "Poubelles Remplies ou qui D\u00e9bordent ", 
            "hint_en": "Please be as detailed as possible in describing the location of the problem. For example, the 3rd catch basin along Laurier Avenue W, east of Elgin Street; the curb in front of 110 Laurier Ave W on the north side of the road; bus shelter 1234 on Innes Road).", 
            "category_class": 3
        }
    }, 
    {
        "pk": 12, 
        "model": "mainapp.reportcategory", 
        "fields": {
            "hint_fr": "S'il vous pla\u00eet essayer d'\u00eatre aussi d\u00e9taill\u00e9 que possible dans la description de l'emplacement du\r\nprobl\u00e8me. Par exemple, le 3\u00e8me bassin de long, avenue Laurier Ouest, \u00e0 l'est \r\nde la rue Elgin; le trottoir en face du 110, avenue Laurier ouest, au nord \r\nc\u00f4t\u00e9 de la route; abribus 1234 sur le chemin Innes). ", 
            "name_en": "Blocked or Damaged Culvert", 
            "name_fr": "Caniveau Bloqu\u00e9s ou Endommag\u00e9s ", 
            "hint_en": "Please be as detailed as possible in describing the location of the problem. For example, the 3rd catch basin along Laurier Avenue W, east of Elgin Street; the curb in front of 110 Laurier Ave W on the north side of the road; bus shelter 1234 on Innes Road). ", 
            "category_class": 3
        }
    }, 
    {
        "pk": 10, 
        "model": "mainapp.reportcategory", 
        "fields": {
            "hint_fr": "S'il vous pla\u00eet essayer d'\u00eatre aussi d\u00e9taill\u00e9 que possible dans la description de l'emplacement du probl\u00e8me. Par exemple, le 3\u00e8me bassin de long, avenue Laurier Ouest, \u00e0 l'est \r\nde la rue Elgin; le trottoir en face du 110, avenue Laurier ouest, au nord \r\nc\u00f4t\u00e9 de la route; abribus 1234 sur le chemin Innes). \r\n", 
            "name_en": "Damaged Curb", 
            "name_fr": "Bord de Trottoir Endommag\u00e9 ", 
            "hint_en": "Please be as detailed as possible in describing the location of the problem. For example, the 3rd catch basin along Laurier Avenue W, east of Elgin Street; the curb in front of 110 Laurier Ave W on the north side of the road; bus shelter 1234 on Innes Road).", 
            "category_class": 3
        }
    }, 
    {
        "pk": 8, 
        "model": "mainapp.reportcategory", 
        "fields": {
            "hint_fr": "S'il vous pla\u00eet \u00eatre aussi d\u00e9taill\u00e9es que possible dans la description de l'emplacement de la \r\nprobl\u00e8me. Par exemple, le 3\u00e8me bassin de long, avenue Laurier Ouest, \u00e0 l'est \r\nde la rue Elgin; le trottoir en face du 110, avenue Laurier ouest, au nord \r\nc\u00f4t\u00e9 de la route; abribus 1234 sur le chemin Innes). Indication de la \r\nforme du bassin ou couvercle sera tr\u00e8s utile. \r\n", 
            "name_en": "Blocked or damaged Catch basin / Manhole", 
            "name_fr": "Collecteurs d'Eaux Pluviales ou Bouche d'\u00c9gout Obstru\u00e9s ou Endommag\u00e9s ", 
            "hint_en": "Please be as detailed as possible in describing the location of the problem. For example, the 3rd catch basin along Laurier Avenue W, east of Elgin Street; the curb in front of 110 Laurier Ave W on the north side of the road; bus shelter 1234 on Innes Road). Indicating the shape of the catch basin or manhole cover will be very helpful.", 
            "category_class": 3
        }
    }, 
    {
        "pk": 6, 
        "model": "mainapp.reportcategory", 
        "fields": {
            "hint_fr": "S'il vous pla\u00eet noter le plus d'informations concernant l'emplacement et le type de graffiti. Par exemple, si elle se trouve sur un boitier, \r\nquelle couleur est la bo\u00eete? (verte, brune, rouge, etc ..), et de\r\nde quel c\u00f4t\u00e9 de la rue ce trouve ce boitier.", 
            "name_en": "Graffiti on Private Property", 
            "name_fr": "Graffiti sur les Propri\u00e9t\u00e9s Priv\u00e9es", 
            "hint_en": "Please note as much information regarding the location and type of graffiti as you can. For example, if it is found on a utility box, what colour is the box? (green, brown, red, etc...), does it indicate the company that owns it? (Rogers, Bell, Canada Post, Hydro), and which side of the street is it on.", 
            "category_class": 1
        }
    }, 
    {
        "pk": 4, 
        "model": "mainapp.reportcategory", 
        "fields": {
            "hint_fr": "S'il vous pla\u00eet fournir une description de l'emplacement du probl\u00e8me par exemple, pr\u00e8s de la structure de jeux, le long de la voie qui passe de l'extr\u00e9mit\u00e9 sud du parc \u00e0 l'\u00e9cole voisine, \u00e0 c\u00f4t\u00e9 de la \r\nfontaine d'eau au cot\u00e9 est du terrain de stationnement). S'il vous pla\u00eet nous fournir le nom ou \r\nl'adresse du parc si possible. ", 
            "name_en": "Debris or Litter in Park", 
            "name_fr": "D\u00e9bris ou Ordures dans les Parcs ", 
            "hint_en": "Please provide the location within the park where the problem is located (e.g. near the play structure; along the pathway that runs from the south end of the park to the neighbouring school; beside the water fountain near the east parking lot). Please provide the name or address of the park if possible.", 
            "category_class": 2
        }
    }, 
    {
        "pk": 2, 
        "model": "mainapp.reportcategory", 
        "fields": {
            "hint_fr": "S'il vous pla\u00eet fournir une description de l'emplacement du probl\u00e8me par exemple, pr\u00e8s de la structure de jeux, le long de la voie qui passe de l'extr\u00e9mit\u00e9 sud du parc \u00e0 l'\u00e9cole voisine, \u00e0 c\u00f4t\u00e9 de la \r\nfontaine d'eau au cot\u00e9 est du terrain de stationnement). S'il vous pla\u00eet nous fournir le nom ou \r\nl'adresse du parc si possible. ", 
            "name_en": "Full or Overflowing Garbage Cans ", 
            "name_fr": "Poubelles Remplies ou qui D\u00e9bordent", 
            "hint_en": "Please provide the location within the park where the problem is located (e.g. near the play structure; along the pathway that runs from the south end of the park to the neighbouring school; beside the water fountain near the east parking lot). Please provide the name or address of the park if possible.", 
            "category_class": 2
        }
    },
        {
        "pk": 1, 
        "model": "mainapp.reportcategoryset", 
        "fields": {
            "name": "Default", 
            "categories": [
                20, 
                19, 
                18, 
                17, 
                16, 
                15, 
                13, 
                11, 
                9, 
                7, 
                5, 
                1, 
                3, 
                14, 
                12, 
                10, 
                8, 
                6, 
                4, 
                2
            ]
        }
    }, 
     
    {
        "pk": 5, 
        "model": "mainapp.faqentry", 
        "fields": {
            "q_fr": "Allez-vous envoyer du spam \u00e0 mon adresse courriel?", 
            "q_en": "Will you send spam to my email address?", 
            "order": 6, 
            "a_fr": "<p>Jamais. Nous vous envoyerons un courriel si quelqu'un quitte une mise \u00e0 jour sur un probl\u00e8me que vous avez signal\u00e9, ou auxquel vous vous \u00eates souscrit. Nous allons aussi vous envoyer un questionnaire par courriel quatre semaines apr\u00e8s que vous avez soumis un probl\u00e8me our que vous avez demander l'\u00e9tat du probl\u00e8me.</p> \r\n<p>Nous vous envoyerons des courriels seulements pour les probl\u00e8mes que vous avez signal\u00e9 ou auxquels vous vous \u00eates souscrits.</p>\r\n", 
            "a_en": "<p>Never. We will email you if someone leaves an update on a problem you\u2019ve reported, or subscribed to.  We will also send you a questionnaire email four weeks after you submit a problem, asking for a status update.</p> \r\n<p>We\u2019ll only ever send you emails in relation to problems you have reported or subscribed to.</p>\r\n"
        }
    }, 
    {
        "pk": 2, 
        "model": "mainapp.faqentry", 
        "fields": {
            "q_fr": "Pourquoi Ma Municipalit\u00e9 n'Est-Elle Pas Inscrite?", 
            "q_en": "Why Isn't My Municipality Listed?", 
            "order": 3, 
            "a_fr": "<p>Pour inscrire une municipalit\u00e9, nous avons besoin de:</p>\r\n\t<ul>\r\n\t\t<li>fichiers graphiques d\u00e9crivant les fronti\u00e8res de ses quartiers de la ville.</li>\r\n\t\t<li>une liste d'adresses courriels de contact pour chaque quartier de la ville.</li> \r\n\t</ul>\r\n\r\n\t<p>Si vous souhaitez voir votre municipalit\u00e9 sur notre site, s'il vous pla\u00eet demander \u00e0 un repr\u00e9sentant de votre municipalit\u00e9 de nous contacter \r\n\t\tjennifer@visiblegovernment.ca.</a>\r\n\t</p>\r\n\r\n", 
            "a_en": "<p>To support a municipality, we require:</p>\r\n\t<ul>\r\n\t\t<li>shape files of city ward boundary maps.</li>\r\n\t\t<li>a list of contact email addresses for each city ward.</li> \r\n\t</ul>\r\n\r\n\t<p>If you would like to see your municipality included on our site, please have your municipality representative contact \r\n\t\tjennifer@visiblegovernment.ca.</a>\r\n\t</p>\r\n\r\n"
        }
    }, 
    {
        "pk": 1, 
        "model": "mainapp.faqentry", 
        "fields": {
            "q_fr": "Qui G\u00e8re Ce Site", 
            "q_en": "Who Runs This Site?", 
            "order": 2, 
            "a_fr": "<p>\r\n\t\tFixMyStreet Canada est maintenu par l'organisation \u00e0 but non lucratif\r\n\t\t<a href='http://visiblegovernment.ca'>VisibleGovernment.ca</a>.\r\n\t</p>\r\n\t<p>\r\n\t\tLe site a \u00e9t\u00e9 inspir\u00e9 par <a href='http://mysociety.com'>MySociety's </a> <a href='http://fixmystreet.org'>FixMyStreet</a>, et adapt\u00e9e pour le Canada par Chris Taggart de \r\n\t\t<a href=\"http://www.openottawa.org/\">OpenOttawa</a>.\r\n\t</p>\r\n", 
            "a_en": "\t<p>\r\n\t\tFixMyStreet Canada is maintained by the non-profit \r\n\t\t<a href='http://visiblegovernment.ca'>VisibleGovernment.ca</a>.\r\n\t</p>\r\n\t<p>\r\n\t\tThe site was inspired by <a href='http://mysociety.com'>MySociety's</a> <a href='http://fixmystreet.org'>example</a>, which was adapted for Canada by Chris Taggart of \r\n\t\t<a href=\"http://www.openottawa.org/\">OpenOttawa</a>.\r\n\t</p>\r\n\r\n"
        }
    }, 
    {
        "pk": 3, 
        "model": "mainapp.faqentry", 
        "fields": {
            "q_fr": "Supprimer-vous le contenu ill\u00e9gal ou stupide?", 
            "q_en": "Do you remove silly or illegal content?", 
            "order": 4, 
            "a_fr": "<p>FixMyStreet Canada n'est pas responsable pour le contenu et la pr\u00e9cision des documents soumis par les utilisateurs. Tous les rapports sont accept\u00e9s avec l'assomption qu'ils ne contiennent pas de contenu ill\u00e9gal, et nous nous r\u00e9servons le droit de supprimer toutles probl\u00e8mes ou les mises \u00e0 jour que nous consid\u00e9rons comme \u00e9tant inappropri\u00e9s une fois averti par un utilisateur du site.</p>\r\n\r\n", 
            "a_en": "<p>FixMyStreet Canada is not responsible for the content and accuracy of material submitted by its users. All reports are accepted on the basis that they contain no illegal content, and we reserve the right to remove any problems or updates which we consider to be inappropriate upon being informed by a user of the site.</p>\r\n\r\n"
        }
    }, 
    {
        "pk": 4, 
        "model": "mainapp.faqentry", 
        "fields": {
            "q_fr": "Qui peut voir mon adresse courriel?", 
            "q_en": "Who gets to see my email address?", 
            "order": 5, 
            "a_fr": "<p>Si vous soumettez un probl\u00e8me, nous transmettons vos coordonn\u00e9es et les d\u00e9tails du probl\u00e8me au contact municipal responsable de la r\u00e9gion o\u00f9 vous avez localis\u00e9 le probl\u00e8me. Lorsque vous envoyez un rapport ou une mise \u00e0 jour, votre nom est affich\u00e9 sur le site, mais pas votre adresse courriel.</p>\r\n<p>Jamais nous ne donnerons ou venderons votre adresse courriel \u00e0 quiconque, \u00e0 moins que nous sommes oblig\u00e9 par la loi.</p>\r\n\r\n", 
            "a_en": "<p>If you submit a problem, we pass on your contact details, and details of the problem, to the municipality contact responsible for the area where you located the problem.  When you submit a report or update, your name is displayed upon the site, but not your email address.</p>\r\n<p>We will never give or sell your email address to anyone else, unless we are obliged to by law.</p>\r\n\r\n"
        }
    }
]
